-- Generated from local file-backed storage
-- Review before applying to a live database
BEGIN;
-- sessions: 34 rows
INSERT INTO sessions (id, user_id, channel, source, status, last_mode, memory_summary, metadata, created_at, updated_at, expires_at) VALUES ('26f8f57f-3887-4d95-a510-b0925715ec4f', NULL, 'web', 'xpeng-car-ai-web', 'active', 'service', '预算 20万内；城市 广州；偏好车型 SUV', '{}'::jsonb, '2026-03-26T16:41:31.038Z', '2026-03-26T16:41:31.048Z', NULL);
INSERT INTO sessions (id, user_id, channel, source, status, last_mode, memory_summary, metadata, created_at, updated_at, expires_at) VALUES ('d3a07748-c250-44e8-89fe-5f12a8bebafd', NULL, 'web', 'xpeng-car-ai-web', 'active', 'service', '', '{}'::jsonb, '2026-03-26T16:41:31.031Z', '2026-03-26T16:41:31.035Z', NULL);
INSERT INTO sessions (id, user_id, channel, source, status, last_mode, memory_summary, metadata, created_at, updated_at, expires_at) VALUES ('93e62af7-ffbb-452d-8be2-631a06ceb2b0', NULL, 'web', 'xpeng-car-ai-web', 'active', 'service', '', '{}'::jsonb, '2026-03-26T16:41:31.023Z', '2026-03-26T16:41:31.026Z', NULL);
INSERT INTO sessions (id, user_id, channel, source, status, last_mode, memory_summary, metadata, created_at, updated_at, expires_at) VALUES ('702d3a7e-db99-496e-b5e5-e703625effc2', NULL, 'web', 'xpeng-car-ai-web', 'active', 'service', '预算 25万；城市 广州', '{}'::jsonb, '2026-03-26T16:41:30.962Z', '2026-03-26T16:41:31.011Z', NULL);
INSERT INTO sessions (id, user_id, channel, source, status, last_mode, memory_summary, metadata, created_at, updated_at, expires_at) VALUES ('68f063dd-5b04-45d3-9f37-d090561c6bbb', NULL, 'web', 'xpeng-car-ai-web', 'active', 'service', '预算 20万内；城市 广州；偏好车型 SUV', '{}'::jsonb, '2026-03-26T16:27:51.346Z', '2026-03-26T16:27:51.357Z', NULL);
INSERT INTO sessions (id, user_id, channel, source, status, last_mode, memory_summary, metadata, created_at, updated_at, expires_at) VALUES ('502dbcfc-ab20-4574-9750-91177c9da923', NULL, 'web', 'xpeng-car-ai-web', 'active', 'service', '', '{}'::jsonb, '2026-03-26T16:27:51.337Z', '2026-03-26T16:27:51.341Z', NULL);
INSERT INTO sessions (id, user_id, channel, source, status, last_mode, memory_summary, metadata, created_at, updated_at, expires_at) VALUES ('24e5ee00-3cea-4e0d-a69a-03c45cc8ef66', NULL, 'web', 'xpeng-car-ai-web', 'active', 'service', '', '{}'::jsonb, '2026-03-26T16:27:51.328Z', '2026-03-26T16:27:51.332Z', NULL);
INSERT INTO sessions (id, user_id, channel, source, status, last_mode, memory_summary, metadata, created_at, updated_at, expires_at) VALUES ('466248ef-fa6b-4002-9f95-4d6ea14cff2b', NULL, 'web', 'xpeng-car-ai-web', 'active', 'service', '预算 25万；城市 广州', '{}'::jsonb, '2026-03-26T16:27:51.235Z', '2026-03-26T16:27:51.311Z', NULL);
INSERT INTO sessions (id, user_id, channel, source, status, last_mode, memory_summary, metadata, created_at, updated_at, expires_at) VALUES ('1ebe2e7e-a985-48bb-863f-362bbb1a15e6', NULL, 'web', 'xpeng-car-ai-web', 'active', 'service', '预算 20万内；城市 广州；偏好车型 SUV', '{}'::jsonb, '2026-03-26T12:48:23.863Z', '2026-03-26T12:48:23.873Z', NULL);
INSERT INTO sessions (id, user_id, channel, source, status, last_mode, memory_summary, metadata, created_at, updated_at, expires_at) VALUES ('48bc8206-775a-4518-8ff0-829cea3a904e', NULL, 'web', 'xpeng-car-ai-web', 'active', 'service', '', '{}'::jsonb, '2026-03-26T12:48:23.856Z', '2026-03-26T12:48:23.859Z', NULL);
INSERT INTO sessions (id, user_id, channel, source, status, last_mode, memory_summary, metadata, created_at, updated_at, expires_at) VALUES ('81c5624b-5e36-4e27-86f9-930bc8cd932f', NULL, 'web', 'xpeng-car-ai-web', 'active', 'service', '', '{}'::jsonb, '2026-03-26T12:48:23.847Z', '2026-03-26T12:48:23.851Z', NULL);
INSERT INTO sessions (id, user_id, channel, source, status, last_mode, memory_summary, metadata, created_at, updated_at, expires_at) VALUES ('153a5e64-d54c-4737-9b10-6f44ba3927ce', NULL, 'web', 'xpeng-car-ai-web', 'active', 'service', '预算 25万；城市 广州', '{}'::jsonb, '2026-03-26T12:48:23.767Z', '2026-03-26T12:48:23.833Z', NULL);
INSERT INTO sessions (id, user_id, channel, source, status, last_mode, memory_summary, metadata, created_at, updated_at, expires_at) VALUES ('2456cd0c-7a55-47d2-aaf5-62d308d69cfe', NULL, 'web', 'xpeng-car-ai-web', 'active', 'service', '预算 15万；城市 广州', '{}'::jsonb, '2026-03-26T12:46:04.290Z', '2026-03-26T12:46:04.346Z', NULL);
INSERT INTO sessions (id, user_id, channel, source, status, last_mode, memory_summary, metadata, created_at, updated_at, expires_at) VALUES ('3d710418-5b86-4951-8cd7-08e631be7f8e', NULL, 'web', 'xpeng-car-ai-web', 'active', 'service', '预算 25万；城市 广州', '{}'::jsonb, '2026-03-26T12:45:19.969Z', '2026-03-26T12:45:20.066Z', NULL);
INSERT INTO sessions (id, user_id, channel, source, status, last_mode, memory_summary, metadata, created_at, updated_at, expires_at) VALUES ('10fc4dfe-069d-4d86-963b-c975a3b7a019', NULL, 'web', 'xpeng-car-ai-web', 'active', 'service', '', '{}'::jsonb, '2026-03-26T11:42:29.242Z', '2026-03-26T11:42:29.308Z', NULL);
INSERT INTO sessions (id, user_id, channel, source, status, last_mode, memory_summary, metadata, created_at, updated_at, expires_at) VALUES ('d17f21fc-2256-4dab-9968-1ec3af1d8bf7', NULL, 'web', 'xpeng-car-ai-web', 'active', 'service', '预算 25万；城市 广州', '{}'::jsonb, '2026-03-26T11:41:46.610Z', '2026-03-26T11:41:46.740Z', NULL);
INSERT INTO sessions (id, user_id, channel, source, status, last_mode, memory_summary, metadata, created_at, updated_at, expires_at) VALUES ('7fabf2f5-f25b-496c-aeea-88b20da343bb', NULL, 'web', 'xpeng-car-ai-web', 'active', 'service', '预算 25万；城市 广州', '{}'::jsonb, '2026-03-26T07:38:42.183Z', '2026-03-26T07:38:42.241Z', NULL);
INSERT INTO sessions (id, user_id, channel, source, status, last_mode, memory_summary, metadata, created_at, updated_at, expires_at) VALUES ('b4d58fa4-f550-4646-a690-72f9fcdeca3a', NULL, 'web', 'xpeng-car-ai-web', 'active', 'comparison', '关注点 ADAS / Range / Space；偏好品牌 小鹏 / 特斯拉', '{}'::jsonb, '2026-03-26T06:26:57.766Z', '2026-03-26T06:28:13.126Z', NULL);
INSERT INTO sessions (id, user_id, channel, source, status, last_mode, memory_summary, metadata, created_at, updated_at, expires_at) VALUES ('30cc1ebc-9702-4f15-aa6f-4540fd6b4332', NULL, 'web', 'xpeng-car-ai-web', 'active', 'service', '能源偏好 EV；关注点 ADAS / Range / Space / Safety；偏好品牌 小鹏 / 小米', '{}'::jsonb, '2026-03-25T15:26:46.463Z', '2026-03-26T03:07:08.676Z', NULL);
INSERT INTO sessions (id, user_id, channel, source, status, last_mode, memory_summary, metadata, created_at, updated_at, expires_at) VALUES ('4042e485-ba9e-4f01-b422-aaee465d1133', NULL, 'web', 'xpeng-car-ai-web', 'active', 'service', '车型偏好 SUV', '{}'::jsonb, '2026-03-25T17:31:05.174Z', '2026-03-25T17:31:25.819Z', NULL);
INSERT INTO sessions (id, user_id, channel, source, status, last_mode, memory_summary, metadata, created_at, updated_at, expires_at) VALUES ('cd5e3412-5ec9-425a-852b-5346f73bc410', NULL, 'web', 'xpeng-car-ai-web', 'active', 'service', '', '{}'::jsonb, '2026-03-25T17:31:05.897Z', '2026-03-25T17:31:13.958Z', NULL);
INSERT INTO sessions (id, user_id, channel, source, status, last_mode, memory_summary, metadata, created_at, updated_at, expires_at) VALUES ('99aa3978-7f42-45dc-a012-5311d6f2db5a', NULL, 'web', 'xpeng-car-ai-web', 'active', 'recommendation', '预算 20万内；城市 广州；车型偏好 SUV；关注点 ADAS / Value；场景 CityCommute；补能条件 可装家充', '{}'::jsonb, '2026-03-25T17:29:01.278Z', '2026-03-25T17:30:35.108Z', NULL);
INSERT INTO sessions (id, user_id, channel, source, status, last_mode, memory_summary, metadata, created_at, updated_at, expires_at) VALUES ('a11f84a7-de1d-46ac-8206-8e12f7f1a230', NULL, 'web', 'xpeng-car-ai-web', 'active', 'service', '关注点 Range', '{}'::jsonb, '2026-03-25T17:28:48.641Z', '2026-03-25T17:29:01.267Z', NULL);
INSERT INTO sessions (id, user_id, channel, source, status, last_mode, memory_summary, metadata, created_at, updated_at, expires_at) VALUES ('b30239ac-4d25-408e-a452-b2d0b3a84048', NULL, 'web', 'xpeng-car-ai-web', 'active', 'comparison', '补能条件 家充受限；偏好品牌 小鹏 / 特斯拉', '{}'::jsonb, '2026-03-25T17:28:23.552Z', '2026-03-25T17:28:48.630Z', NULL);
INSERT INTO sessions (id, user_id, channel, source, status, last_mode, memory_summary, metadata, created_at, updated_at, expires_at) VALUES ('c393029d-5be3-445c-97b6-d4881dd019d2', NULL, 'web', 'xpeng-car-ai-web', 'active', 'recommendation', '预算 25万；城市 广州；关注点 ADAS / Value；场景 CityCommute / RoadTrip', '{}'::jsonb, '2026-03-25T17:27:42.291Z', '2026-03-25T17:28:23.539Z', NULL);
INSERT INTO sessions (id, user_id, channel, source, status, last_mode, memory_summary, metadata, created_at, updated_at, expires_at) VALUES ('95adbb23-afa7-4d45-895f-5b8b8908a0be', NULL, 'web', 'xpeng-car-ai-web', 'active', 'recommendation', '预算 20万内；城市 广州；车型偏好 SUV；关注点 ADAS / Value；场景 CityCommute；补能条件 可装家充', '{}'::jsonb, '2026-03-25T17:23:35.885Z', '2026-03-25T17:25:16.189Z', NULL);
INSERT INTO sessions (id, user_id, channel, source, status, last_mode, memory_summary, metadata, created_at, updated_at, expires_at) VALUES ('23c1b978-3374-4ae2-ab29-2fae5baa33a2', NULL, 'web', 'xpeng-car-ai-web', 'active', 'service', '关注点 Range', '{}'::jsonb, '2026-03-25T17:23:21.607Z', '2026-03-25T17:23:35.875Z', NULL);
INSERT INTO sessions (id, user_id, channel, source, status, last_mode, memory_summary, metadata, created_at, updated_at, expires_at) VALUES ('71e34786-20a7-4c3c-8a9b-3a21c06464b3', NULL, 'web', 'xpeng-car-ai-web', 'active', 'comparison', '补能条件 家充受限；偏好品牌 小鹏 / 特斯拉', '{}'::jsonb, '2026-03-25T17:23:02.596Z', '2026-03-25T17:23:21.597Z', NULL);
INSERT INTO sessions (id, user_id, channel, source, status, last_mode, memory_summary, metadata, created_at, updated_at, expires_at) VALUES ('18f3cc54-ad86-4f7c-aea2-dc39d711b208', NULL, 'web', 'xpeng-car-ai-web', 'active', 'recommendation', '预算 25万；城市 广州；关注点 ADAS / Value；场景 CityCommute / RoadTrip', '{}'::jsonb, '2026-03-25T17:22:27.222Z', '2026-03-25T17:23:02.587Z', NULL);
INSERT INTO sessions (id, user_id, channel, source, status, last_mode, memory_summary, metadata, created_at, updated_at, expires_at) VALUES ('6be08ddf-c440-4ed1-ad21-2382b235bcf2', NULL, 'web', 'xpeng-car-ai-web', 'active', 'recommendation', '预算 18万左右；城市 广州；车型偏好 SUV；关注点 ADAS / Value；场景 CityCommute', '{}'::jsonb, '2026-03-25T17:02:54.244Z', '2026-03-25T17:03:28.266Z', NULL);
INSERT INTO sessions (id, user_id, channel, source, status, last_mode, memory_summary, metadata, created_at, updated_at, expires_at) VALUES ('90e1b8e7-d5b8-4805-89dc-7a01af92cd2b', NULL, 'web', 'xpeng-car-ai-web', 'active', 'recommendation', '预算 18万左右；城市 广州；车型偏好 SUV；关注点 ADAS / Value；场景 CityCommute', '{}'::jsonb, '2026-03-25T17:02:01.694Z', '2026-03-25T17:02:50.732Z', NULL);
INSERT INTO sessions (id, user_id, channel, source, status, last_mode, memory_summary, metadata, created_at, updated_at, expires_at) VALUES ('434fe7df-e18f-4e47-ad50-81fc42432e97', NULL, 'web', 'xpeng-car-ai-web', 'active', 'recommendation', '预算 18万左右；城市 广州；车型偏好 SUV；关注点 ADAS / Value；场景 CityCommute', '{}'::jsonb, '2026-03-25T16:56:53.922Z', '2026-03-25T16:57:20.949Z', NULL);
INSERT INTO sessions (id, user_id, channel, source, status, last_mode, memory_summary, metadata, created_at, updated_at, expires_at) VALUES ('db7df78d-17a6-4a1a-a121-e8fa42d488a9', NULL, 'web', 'xpeng-car-ai-web', 'active', 'comparison', '场景 RoadTrip；补能条件 家充受限；偏好品牌 小鹏 / 特斯拉', '{}'::jsonb, '2026-03-25T16:56:53.910Z', '2026-03-25T16:57:15.425Z', NULL);
INSERT INTO sessions (id, user_id, channel, source, status, last_mode, memory_summary, metadata, created_at, updated_at, expires_at) VALUES ('4f112d2e-9201-43af-9a47-20fdf98dbc98', NULL, 'web', 'xpeng-car-ai-web', 'active', 'service', '关注点 Range；场景 CityCommute', '{}'::jsonb, '2026-03-25T16:56:53.952Z', '2026-03-25T16:57:08.075Z', NULL);

-- memory_profiles: 34 rows
INSERT INTO memory_profiles (id, session_id, profile, summary, version, created_at, updated_at) VALUES ('2d964e85-f2dc-49bc-b532-4e5a2501716f', '26f8f57f-3887-4d95-a510-b0925715ec4f', '{"budget":"20万内","bodyTypes":["SUV"],"city":"广州"}'::jsonb, '预算 20万内；城市 广州；偏好车型 SUV', 1, '2026-03-26T16:41:31.038Z', '2026-03-26T16:41:31.048Z');
INSERT INTO memory_profiles (id, session_id, profile, summary, version, created_at, updated_at) VALUES ('9092b822-40ec-45a9-aa3f-16d177d5d79c', 'd3a07748-c250-44e8-89fe-5f12a8bebafd', '{}'::jsonb, '', 1, '2026-03-26T16:41:31.031Z', '2026-03-26T16:41:31.035Z');
INSERT INTO memory_profiles (id, session_id, profile, summary, version, created_at, updated_at) VALUES ('20dc8785-1651-48a5-9ba3-8146d955b2e7', '93e62af7-ffbb-452d-8be2-631a06ceb2b0', '{}'::jsonb, '', 1, '2026-03-26T16:41:31.023Z', '2026-03-26T16:41:31.026Z');
INSERT INTO memory_profiles (id, session_id, profile, summary, version, created_at, updated_at) VALUES ('6ec007b9-d8bf-48a4-9725-67041b29663d', '702d3a7e-db99-496e-b5e5-e703625effc2', '{"budget":"25万","city":"广州"}'::jsonb, '预算 25万；城市 广州', 1, '2026-03-26T16:41:30.962Z', '2026-03-26T16:41:31.011Z');
INSERT INTO memory_profiles (id, session_id, profile, summary, version, created_at, updated_at) VALUES ('71a34158-83f9-4a8c-87ff-b9cd723e4083', '68f063dd-5b04-45d3-9f37-d090561c6bbb', '{"budget":"20万内","bodyTypes":["SUV"],"city":"广州"}'::jsonb, '预算 20万内；城市 广州；偏好车型 SUV', 1, '2026-03-26T16:27:51.346Z', '2026-03-26T16:27:51.357Z');
INSERT INTO memory_profiles (id, session_id, profile, summary, version, created_at, updated_at) VALUES ('4d6380c4-b205-4c5b-95a7-681d589a4fca', '502dbcfc-ab20-4574-9750-91177c9da923', '{}'::jsonb, '', 1, '2026-03-26T16:27:51.337Z', '2026-03-26T16:27:51.341Z');
INSERT INTO memory_profiles (id, session_id, profile, summary, version, created_at, updated_at) VALUES ('88b461df-bd0e-4e81-a252-7454df85ac48', '24e5ee00-3cea-4e0d-a69a-03c45cc8ef66', '{}'::jsonb, '', 1, '2026-03-26T16:27:51.328Z', '2026-03-26T16:27:51.332Z');
INSERT INTO memory_profiles (id, session_id, profile, summary, version, created_at, updated_at) VALUES ('cb244f7d-6e4a-4000-95bb-07c12bc2a7d0', '466248ef-fa6b-4002-9f95-4d6ea14cff2b', '{"budget":"25万","city":"广州"}'::jsonb, '预算 25万；城市 广州', 1, '2026-03-26T16:27:51.235Z', '2026-03-26T16:27:51.311Z');
INSERT INTO memory_profiles (id, session_id, profile, summary, version, created_at, updated_at) VALUES ('35969b89-55a1-440a-8c47-f80b896b79e4', '1ebe2e7e-a985-48bb-863f-362bbb1a15e6', '{"budget":"20万内","bodyTypes":["SUV"],"city":"广州"}'::jsonb, '预算 20万内；城市 广州；偏好车型 SUV', 1, '2026-03-26T12:48:23.863Z', '2026-03-26T12:48:23.873Z');
INSERT INTO memory_profiles (id, session_id, profile, summary, version, created_at, updated_at) VALUES ('1a9e1e43-8631-4bc0-840b-28b80e0f8763', '48bc8206-775a-4518-8ff0-829cea3a904e', '{}'::jsonb, '', 1, '2026-03-26T12:48:23.856Z', '2026-03-26T12:48:23.859Z');
INSERT INTO memory_profiles (id, session_id, profile, summary, version, created_at, updated_at) VALUES ('63cafff0-4344-4679-b9f8-d2882942b6bb', '81c5624b-5e36-4e27-86f9-930bc8cd932f', '{}'::jsonb, '', 1, '2026-03-26T12:48:23.847Z', '2026-03-26T12:48:23.851Z');
INSERT INTO memory_profiles (id, session_id, profile, summary, version, created_at, updated_at) VALUES ('8367263e-ffe1-430d-9cb2-b35730053368', '153a5e64-d54c-4737-9b10-6f44ba3927ce', '{"budget":"25万","city":"广州"}'::jsonb, '预算 25万；城市 广州', 1, '2026-03-26T12:48:23.767Z', '2026-03-26T12:48:23.833Z');
INSERT INTO memory_profiles (id, session_id, profile, summary, version, created_at, updated_at) VALUES ('17346eb2-f8ae-4b41-b2ae-029abb8bbff9', '2456cd0c-7a55-47d2-aaf5-62d308d69cfe', '{"budget":"15万","city":"广州"}'::jsonb, '预算 15万；城市 广州', 1, '2026-03-26T12:46:04.290Z', '2026-03-26T12:46:04.346Z');
INSERT INTO memory_profiles (id, session_id, profile, summary, version, created_at, updated_at) VALUES ('efabf76f-1bda-4df3-be16-bd6a168dde2a', '3d710418-5b86-4951-8cd7-08e631be7f8e', '{"budget":"25万","city":"广州"}'::jsonb, '预算 25万；城市 广州', 1, '2026-03-26T12:45:19.969Z', '2026-03-26T12:45:20.066Z');
INSERT INTO memory_profiles (id, session_id, profile, summary, version, created_at, updated_at) VALUES ('abd74e4a-69c8-4380-8718-9efbc08113ed', '10fc4dfe-069d-4d86-963b-c975a3b7a019', '{}'::jsonb, '', 1, '2026-03-26T11:42:29.242Z', '2026-03-26T11:42:29.308Z');
INSERT INTO memory_profiles (id, session_id, profile, summary, version, created_at, updated_at) VALUES ('07e3870c-b69e-4f51-a377-f6cbe2c819ed', 'd17f21fc-2256-4dab-9968-1ec3af1d8bf7', '{"budget":"25万","city":"广州"}'::jsonb, '预算 25万；城市 广州', 1, '2026-03-26T11:41:46.610Z', '2026-03-26T11:41:46.740Z');
INSERT INTO memory_profiles (id, session_id, profile, summary, version, created_at, updated_at) VALUES ('230e2630-4a08-41b3-9a8c-999218f618af', '7fabf2f5-f25b-496c-aeea-88b20da343bb', '{"budget":"25万","city":"广州"}'::jsonb, '预算 25万；城市 广州', 1, '2026-03-26T07:38:42.183Z', '2026-03-26T07:38:42.241Z');
INSERT INTO memory_profiles (id, session_id, profile, summary, version, created_at, updated_at) VALUES ('c65b7be8-e1a3-4f6c-b275-79f219780a20', 'b4d58fa4-f550-4646-a690-72f9fcdeca3a', '{"priorities":["ADAS","Range","Space"],"preferredBrands":["小鹏","特斯拉"],"mentionedCars":["小鹏 G6","特斯拉 Model Y"]}'::jsonb, '关注点 ADAS / Range / Space；偏好品牌 小鹏 / 特斯拉', 1, '2026-03-26T06:26:57.766Z', '2026-03-26T06:28:13.126Z');
INSERT INTO memory_profiles (id, session_id, profile, summary, version, created_at, updated_at) VALUES ('3335b045-a0a5-4f5d-a739-fac5cf88b481', '30cc1ebc-9702-4f15-aa6f-4540fd6b4332', '{"energyTypes":["EV"],"priorities":["ADAS","Range","Space","Safety"],"preferredBrands":["小鹏","小米"],"mentionedCars":["小鹏 G6"]}'::jsonb, '能源偏好 EV；关注点 ADAS / Range / Space / Safety；偏好品牌 小鹏 / 小米', 1, '2026-03-25T15:26:46.463Z', '2026-03-26T03:07:08.676Z');
INSERT INTO memory_profiles (id, session_id, profile, summary, version, created_at, updated_at) VALUES ('46ed8622-0758-4a68-ac75-c2c8bf7b7c68', '4042e485-ba9e-4f01-b422-aaee465d1133', '{"bodyTypes":["SUV"]}'::jsonb, '车型偏好 SUV', 1, '2026-03-25T17:31:05.174Z', '2026-03-25T17:31:25.819Z');
INSERT INTO memory_profiles (id, session_id, profile, summary, version, created_at, updated_at) VALUES ('2db3d849-54b1-484e-9a1a-d4b5935f96cc', 'cd5e3412-5ec9-425a-852b-5346f73bc410', '{}'::jsonb, '', 1, '2026-03-25T17:31:05.897Z', '2026-03-25T17:31:13.958Z');
INSERT INTO memory_profiles (id, session_id, profile, summary, version, created_at, updated_at) VALUES ('51040b80-078b-4e51-9bc6-596be01f64a9', '99aa3978-7f42-45dc-a012-5311d6f2db5a', '{"budget":"20万内","city":"广州","charging":"可装家充","bodyTypes":["SUV"],"priorities":["ADAS","Value"],"usage":["CityCommute"]}'::jsonb, '预算 20万内；城市 广州；车型偏好 SUV；关注点 ADAS / Value；场景 CityCommute；补能条件 可装家充', 1, '2026-03-25T17:29:01.278Z', '2026-03-25T17:30:35.108Z');
INSERT INTO memory_profiles (id, session_id, profile, summary, version, created_at, updated_at) VALUES ('5f23c5d6-81a4-4761-b2b8-458132cf4435', 'a11f84a7-de1d-46ac-8206-8e12f7f1a230', '{"priorities":["Range"]}'::jsonb, '关注点 Range', 1, '2026-03-25T17:28:48.641Z', '2026-03-25T17:29:01.267Z');
INSERT INTO memory_profiles (id, session_id, profile, summary, version, created_at, updated_at) VALUES ('8fffd1af-f312-4e6c-bb08-95848efe371c', 'b30239ac-4d25-408e-a452-b2d0b3a84048', '{"charging":"家充受限","preferredBrands":["小鹏","特斯拉"],"mentionedCars":["小鹏 G6","特斯拉 Model Y"]}'::jsonb, '补能条件 家充受限；偏好品牌 小鹏 / 特斯拉', 1, '2026-03-25T17:28:23.552Z', '2026-03-25T17:28:48.630Z');
INSERT INTO memory_profiles (id, session_id, profile, summary, version, created_at, updated_at) VALUES ('13d3d72c-e89a-4f07-9a1f-1e82a06346b2', 'c393029d-5be3-445c-97b6-d4881dd019d2', '{"budget":"25万","city":"广州","priorities":["ADAS","Value"],"usage":["CityCommute","RoadTrip"]}'::jsonb, '预算 25万；城市 广州；关注点 ADAS / Value；场景 CityCommute / RoadTrip', 1, '2026-03-25T17:27:42.291Z', '2026-03-25T17:28:23.539Z');
INSERT INTO memory_profiles (id, session_id, profile, summary, version, created_at, updated_at) VALUES ('679d13a1-5427-451b-b2e1-f5e09f1b2db7', '95adbb23-afa7-4d45-895f-5b8b8908a0be', '{"budget":"20万内","city":"广州","charging":"可装家充","bodyTypes":["SUV"],"priorities":["ADAS","Value"],"usage":["CityCommute"]}'::jsonb, '预算 20万内；城市 广州；车型偏好 SUV；关注点 ADAS / Value；场景 CityCommute；补能条件 可装家充', 1, '2026-03-25T17:23:35.885Z', '2026-03-25T17:25:16.189Z');
INSERT INTO memory_profiles (id, session_id, profile, summary, version, created_at, updated_at) VALUES ('ecd0a569-48e0-4cdd-83cf-ac9e104bd5fe', '23c1b978-3374-4ae2-ab29-2fae5baa33a2', '{"priorities":["Range"]}'::jsonb, '关注点 Range', 1, '2026-03-25T17:23:21.607Z', '2026-03-25T17:23:35.875Z');
INSERT INTO memory_profiles (id, session_id, profile, summary, version, created_at, updated_at) VALUES ('ab735589-67d1-4c04-ac1d-c47bbb68b79d', '71e34786-20a7-4c3c-8a9b-3a21c06464b3', '{"charging":"家充受限","preferredBrands":["小鹏","特斯拉"],"mentionedCars":["小鹏 G6","特斯拉 Model Y"]}'::jsonb, '补能条件 家充受限；偏好品牌 小鹏 / 特斯拉', 1, '2026-03-25T17:23:02.596Z', '2026-03-25T17:23:21.597Z');
INSERT INTO memory_profiles (id, session_id, profile, summary, version, created_at, updated_at) VALUES ('2c337c3d-1179-48fb-b22a-4b4bebb7ffc5', '18f3cc54-ad86-4f7c-aea2-dc39d711b208', '{"budget":"25万","city":"广州","priorities":["ADAS","Value"],"usage":["CityCommute","RoadTrip"]}'::jsonb, '预算 25万；城市 广州；关注点 ADAS / Value；场景 CityCommute / RoadTrip', 1, '2026-03-25T17:22:27.222Z', '2026-03-25T17:23:02.587Z');
INSERT INTO memory_profiles (id, session_id, profile, summary, version, created_at, updated_at) VALUES ('249ffb5b-0ece-474c-93c9-a7975289cd44', '6be08ddf-c440-4ed1-ad21-2382b235bcf2', '{"budget":"18万左右","city":"广州","bodyTypes":["SUV"],"priorities":["ADAS","Value"],"usage":["CityCommute"]}'::jsonb, '预算 18万左右；城市 广州；车型偏好 SUV；关注点 ADAS / Value；场景 CityCommute', 1, '2026-03-25T17:02:54.244Z', '2026-03-25T17:03:28.266Z');
INSERT INTO memory_profiles (id, session_id, profile, summary, version, created_at, updated_at) VALUES ('45247310-38c6-48e5-be54-0f305dfd0119', '90e1b8e7-d5b8-4805-89dc-7a01af92cd2b', '{"budget":"18万左右","city":"广州","bodyTypes":["SUV"],"priorities":["ADAS","Value"],"usage":["CityCommute"]}'::jsonb, '预算 18万左右；城市 广州；车型偏好 SUV；关注点 ADAS / Value；场景 CityCommute', 1, '2026-03-25T17:02:01.694Z', '2026-03-25T17:02:50.732Z');
INSERT INTO memory_profiles (id, session_id, profile, summary, version, created_at, updated_at) VALUES ('4ca22430-29c1-4856-917a-7d320c29a1b8', '434fe7df-e18f-4e47-ad50-81fc42432e97', '{"budget":"18万左右","city":"广州","bodyTypes":["SUV"],"priorities":["ADAS","Value"],"usage":["CityCommute"]}'::jsonb, '预算 18万左右；城市 广州；车型偏好 SUV；关注点 ADAS / Value；场景 CityCommute', 1, '2026-03-25T16:56:53.922Z', '2026-03-25T16:57:20.949Z');
INSERT INTO memory_profiles (id, session_id, profile, summary, version, created_at, updated_at) VALUES ('c1c13cf2-e1b7-4d42-a606-61e400b28d40', 'db7df78d-17a6-4a1a-a121-e8fa42d488a9', '{"charging":"家充受限","usage":["RoadTrip"],"preferredBrands":["小鹏","特斯拉"],"mentionedCars":["小鹏 G6","特斯拉 Model Y"]}'::jsonb, '场景 RoadTrip；补能条件 家充受限；偏好品牌 小鹏 / 特斯拉', 1, '2026-03-25T16:56:53.910Z', '2026-03-25T16:57:15.425Z');
INSERT INTO memory_profiles (id, session_id, profile, summary, version, created_at, updated_at) VALUES ('6d2559da-eab5-4428-9cfd-a700f8b37be2', '4f112d2e-9201-43af-9a47-20fdf98dbc98', '{"priorities":["Range"],"usage":["CityCommute"]}'::jsonb, '关注点 Range；场景 CityCommute', 1, '2026-03-25T16:56:53.952Z', '2026-03-25T16:57:08.075Z');

-- messages: 88 rows
INSERT INTO messages (id, session_id, request_id, role, mode, content, structured, agent, metadata, created_at) VALUES ('8d8e1c01-6db9-4c5c-812e-b3e769909ceb', '26f8f57f-3887-4d95-a510-b0925715ec4f', NULL, 'user', 'service', '我预算20万内，主要城市通勤，想要智能化好一点的 SUV。', NULL, NULL, '{"importedFrom":"sessions.json","order":0}'::jsonb, '2026-03-26T16:41:31.048Z');
INSERT INTO messages (id, session_id, request_id, role, mode, content, structured, agent, metadata, created_at) VALUES ('0e5974e8-88ae-436a-8110-9bffbf614c48', '26f8f57f-3887-4d95-a510-b0925715ec4f', NULL, 'assistant', 'service', '抱歉，AI 响应超时，请稍后再试。', NULL, NULL, '{"importedFrom":"sessions.json","order":1}'::jsonb, '2026-03-26T16:41:31.048Z');
INSERT INTO messages (id, session_id, request_id, role, mode, content, structured, agent, metadata, created_at) VALUES ('bb078ca2-b2fb-43a7-95e1-75db4b5406ea', '26f8f57f-3887-4d95-a510-b0925715ec4f', NULL, 'user', 'service', '我人在广州，家里能装充电桩。', NULL, NULL, '{"importedFrom":"sessions.json","order":2}'::jsonb, '2026-03-26T16:41:31.048Z');
INSERT INTO messages (id, session_id, request_id, role, mode, content, structured, agent, metadata, created_at) VALUES ('756e21da-c160-4bbf-91fb-3a45a50e7ce4', '26f8f57f-3887-4d95-a510-b0925715ec4f', NULL, 'assistant', 'service', '抱歉，AI 响应超时，请稍后再试。', NULL, NULL, '{"importedFrom":"sessions.json","order":3}'::jsonb, '2026-03-26T16:41:31.048Z');
INSERT INTO messages (id, session_id, request_id, role, mode, content, structured, agent, metadata, created_at) VALUES ('63d1eae7-7a8c-45a1-8df4-f8bea3bb45d2', 'd3a07748-c250-44e8-89fe-5f12a8bebafd', NULL, 'user', 'service', '冬天续航掉得快，日常应该怎么用车更稳妥？', NULL, NULL, '{"importedFrom":"sessions.json","order":0}'::jsonb, '2026-03-26T16:41:31.035Z');
INSERT INTO messages (id, session_id, request_id, role, mode, content, structured, agent, metadata, created_at) VALUES ('79486124-ecba-46fe-9044-a376604c8c96', 'd3a07748-c250-44e8-89fe-5f12a8bebafd', NULL, 'assistant', 'service', '抱歉，AI 响应超时，请稍后再试。', NULL, NULL, '{"importedFrom":"sessions.json","order":1}'::jsonb, '2026-03-26T16:41:31.035Z');
INSERT INTO messages (id, session_id, request_id, role, mode, content, structured, agent, metadata, created_at) VALUES ('d4ca3128-e511-401a-908c-d4c5cd146239', '93e62af7-ffbb-452d-8be2-631a06ceb2b0', NULL, 'user', 'service', '小鹏 G6 和特斯拉 Model Y 怎么选？我家里不能装桩。', NULL, NULL, '{"importedFrom":"sessions.json","order":0}'::jsonb, '2026-03-26T16:41:31.026Z');
INSERT INTO messages (id, session_id, request_id, role, mode, content, structured, agent, metadata, created_at) VALUES ('272e3d12-236e-4cbe-bc9c-e4cf3f92cf03', '93e62af7-ffbb-452d-8be2-631a06ceb2b0', NULL, 'assistant', 'service', '抱歉，AI 响应超时，请稍后再试。', NULL, NULL, '{"importedFrom":"sessions.json","order":1}'::jsonb, '2026-03-26T16:41:31.026Z');
INSERT INTO messages (id, session_id, request_id, role, mode, content, structured, agent, metadata, created_at) VALUES ('395c1621-09cc-49ef-b638-3055ecb9c0c9', '702d3a7e-db99-496e-b5e5-e703625effc2', NULL, 'user', 'service', '我预算25万，人在广州，通勤为主，周末偶尔自驾，想要智能化强一点。', NULL, NULL, '{"importedFrom":"sessions.json","order":0}'::jsonb, '2026-03-26T16:41:31.011Z');
INSERT INTO messages (id, session_id, request_id, role, mode, content, structured, agent, metadata, created_at) VALUES ('f8eb5ffc-318f-4e0c-8567-7129db25a48e', '702d3a7e-db99-496e-b5e5-e703625effc2', NULL, 'assistant', 'service', '抱歉，AI 响应超时，请稍后再试。', NULL, NULL, '{"importedFrom":"sessions.json","order":1}'::jsonb, '2026-03-26T16:41:31.011Z');
INSERT INTO messages (id, session_id, request_id, role, mode, content, structured, agent, metadata, created_at) VALUES ('b070454c-6b7f-47b0-bd8f-68ea4b78c3c8', '68f063dd-5b04-45d3-9f37-d090561c6bbb', NULL, 'user', 'service', '我预算20万内，主要城市通勤，想要智能化好一点的 SUV。', NULL, NULL, '{"importedFrom":"sessions.json","order":0}'::jsonb, '2026-03-26T16:27:51.357Z');
INSERT INTO messages (id, session_id, request_id, role, mode, content, structured, agent, metadata, created_at) VALUES ('25ecec3e-88aa-4df7-95a7-1346836ce4d0', '68f063dd-5b04-45d3-9f37-d090561c6bbb', NULL, 'assistant', 'service', '抱歉，AI 响应超时，请稍后再试。', NULL, NULL, '{"importedFrom":"sessions.json","order":1}'::jsonb, '2026-03-26T16:27:51.357Z');
INSERT INTO messages (id, session_id, request_id, role, mode, content, structured, agent, metadata, created_at) VALUES ('a854b8d8-ccc6-480b-90a8-c6afa65c44ba', '68f063dd-5b04-45d3-9f37-d090561c6bbb', NULL, 'user', 'service', '我人在广州，家里能装充电桩。', NULL, NULL, '{"importedFrom":"sessions.json","order":2}'::jsonb, '2026-03-26T16:27:51.357Z');
INSERT INTO messages (id, session_id, request_id, role, mode, content, structured, agent, metadata, created_at) VALUES ('d95e25af-66dd-4e4e-ad7f-70742739b9dd', '68f063dd-5b04-45d3-9f37-d090561c6bbb', NULL, 'assistant', 'service', '抱歉，AI 响应超时，请稍后再试。', NULL, NULL, '{"importedFrom":"sessions.json","order":3}'::jsonb, '2026-03-26T16:27:51.357Z');
INSERT INTO messages (id, session_id, request_id, role, mode, content, structured, agent, metadata, created_at) VALUES ('0dbe86a5-6b37-45ef-8071-822933ced36f', '502dbcfc-ab20-4574-9750-91177c9da923', NULL, 'user', 'service', '冬天续航掉得快，日常应该怎么用车更稳妥？', NULL, NULL, '{"importedFrom":"sessions.json","order":0}'::jsonb, '2026-03-26T16:27:51.341Z');
INSERT INTO messages (id, session_id, request_id, role, mode, content, structured, agent, metadata, created_at) VALUES ('951f88c0-6971-4171-ad55-52af1eab34bb', '502dbcfc-ab20-4574-9750-91177c9da923', NULL, 'assistant', 'service', '抱歉，AI 响应超时，请稍后再试。', NULL, NULL, '{"importedFrom":"sessions.json","order":1}'::jsonb, '2026-03-26T16:27:51.341Z');
INSERT INTO messages (id, session_id, request_id, role, mode, content, structured, agent, metadata, created_at) VALUES ('2486f34e-e837-4277-9295-e31e87dbad5a', '24e5ee00-3cea-4e0d-a69a-03c45cc8ef66', NULL, 'user', 'service', '小鹏 G6 和特斯拉 Model Y 怎么选？我家里不能装桩。', NULL, NULL, '{"importedFrom":"sessions.json","order":0}'::jsonb, '2026-03-26T16:27:51.332Z');
INSERT INTO messages (id, session_id, request_id, role, mode, content, structured, agent, metadata, created_at) VALUES ('db341abf-60c8-4ff1-8d25-1cbeb7af96d0', '24e5ee00-3cea-4e0d-a69a-03c45cc8ef66', NULL, 'assistant', 'service', '抱歉，AI 响应超时，请稍后再试。', NULL, NULL, '{"importedFrom":"sessions.json","order":1}'::jsonb, '2026-03-26T16:27:51.332Z');
INSERT INTO messages (id, session_id, request_id, role, mode, content, structured, agent, metadata, created_at) VALUES ('d3ca1c8d-a4ee-41e1-879e-b511945598cd', '466248ef-fa6b-4002-9f95-4d6ea14cff2b', NULL, 'user', 'service', '我预算25万，人在广州，通勤为主，周末偶尔自驾，想要智能化强一点。', NULL, NULL, '{"importedFrom":"sessions.json","order":0}'::jsonb, '2026-03-26T16:27:51.311Z');
INSERT INTO messages (id, session_id, request_id, role, mode, content, structured, agent, metadata, created_at) VALUES ('84bfb6a8-7382-4868-92e1-b6b5b3d28926', '466248ef-fa6b-4002-9f95-4d6ea14cff2b', NULL, 'assistant', 'service', '抱歉，AI 响应超时，请稍后再试。', NULL, NULL, '{"importedFrom":"sessions.json","order":1}'::jsonb, '2026-03-26T16:27:51.311Z');
INSERT INTO messages (id, session_id, request_id, role, mode, content, structured, agent, metadata, created_at) VALUES ('a0957860-cac2-4b10-a52d-9751baf0022c', '1ebe2e7e-a985-48bb-863f-362bbb1a15e6', NULL, 'user', 'service', '我预算20万内，主要城市通勤，想要智能化好一点的 SUV。', NULL, NULL, '{"importedFrom":"sessions.json","order":0}'::jsonb, '2026-03-26T12:48:23.873Z');
INSERT INTO messages (id, session_id, request_id, role, mode, content, structured, agent, metadata, created_at) VALUES ('4084c518-6c6e-4be9-bc8f-4c70b25cf9cf', '1ebe2e7e-a985-48bb-863f-362bbb1a15e6', NULL, 'assistant', 'service', '抱歉，AI 响应超时，请稍后再试。', NULL, NULL, '{"importedFrom":"sessions.json","order":1}'::jsonb, '2026-03-26T12:48:23.873Z');
INSERT INTO messages (id, session_id, request_id, role, mode, content, structured, agent, metadata, created_at) VALUES ('93dc4aa0-7d6f-4f2e-9cd0-3c19e786ee54', '1ebe2e7e-a985-48bb-863f-362bbb1a15e6', NULL, 'user', 'service', '我人在广州，家里能装充电桩。', NULL, NULL, '{"importedFrom":"sessions.json","order":2}'::jsonb, '2026-03-26T12:48:23.873Z');
INSERT INTO messages (id, session_id, request_id, role, mode, content, structured, agent, metadata, created_at) VALUES ('d04c2ca8-b509-4b06-abef-354738b8dda2', '1ebe2e7e-a985-48bb-863f-362bbb1a15e6', NULL, 'assistant', 'service', '抱歉，AI 响应超时，请稍后再试。', NULL, NULL, '{"importedFrom":"sessions.json","order":3}'::jsonb, '2026-03-26T12:48:23.873Z');
INSERT INTO messages (id, session_id, request_id, role, mode, content, structured, agent, metadata, created_at) VALUES ('ce5bd893-344a-481a-a455-5155529984a1', '48bc8206-775a-4518-8ff0-829cea3a904e', NULL, 'user', 'service', '冬天续航掉得快，日常应该怎么用车更稳妥？', NULL, NULL, '{"importedFrom":"sessions.json","order":0}'::jsonb, '2026-03-26T12:48:23.859Z');
INSERT INTO messages (id, session_id, request_id, role, mode, content, structured, agent, metadata, created_at) VALUES ('83c1ab2c-6f1c-4a21-a71a-e480b7558dbb', '48bc8206-775a-4518-8ff0-829cea3a904e', NULL, 'assistant', 'service', '抱歉，AI 响应超时，请稍后再试。', NULL, NULL, '{"importedFrom":"sessions.json","order":1}'::jsonb, '2026-03-26T12:48:23.859Z');
INSERT INTO messages (id, session_id, request_id, role, mode, content, structured, agent, metadata, created_at) VALUES ('a5624523-871b-49f2-92b7-982385f8614b', '81c5624b-5e36-4e27-86f9-930bc8cd932f', NULL, 'user', 'service', '小鹏 G6 和特斯拉 Model Y 怎么选？我家里不能装桩。', NULL, NULL, '{"importedFrom":"sessions.json","order":0}'::jsonb, '2026-03-26T12:48:23.851Z');
INSERT INTO messages (id, session_id, request_id, role, mode, content, structured, agent, metadata, created_at) VALUES ('5460a0d0-4715-47a8-b818-1bac0edbe70d', '81c5624b-5e36-4e27-86f9-930bc8cd932f', NULL, 'assistant', 'service', '抱歉，AI 响应超时，请稍后再试。', NULL, NULL, '{"importedFrom":"sessions.json","order":1}'::jsonb, '2026-03-26T12:48:23.851Z');
INSERT INTO messages (id, session_id, request_id, role, mode, content, structured, agent, metadata, created_at) VALUES ('1ccd7b30-a533-442d-9504-a7b70c933211', '153a5e64-d54c-4737-9b10-6f44ba3927ce', NULL, 'user', 'service', '我预算25万，人在广州，通勤为主，周末偶尔自驾，想要智能化强一点。', NULL, NULL, '{"importedFrom":"sessions.json","order":0}'::jsonb, '2026-03-26T12:48:23.833Z');
INSERT INTO messages (id, session_id, request_id, role, mode, content, structured, agent, metadata, created_at) VALUES ('101c0fda-545a-47f3-98aa-5c66cbe459ff', '153a5e64-d54c-4737-9b10-6f44ba3927ce', NULL, 'assistant', 'service', '抱歉，AI 响应超时，请稍后再试。', NULL, NULL, '{"importedFrom":"sessions.json","order":1}'::jsonb, '2026-03-26T12:48:23.833Z');
INSERT INTO messages (id, session_id, request_id, role, mode, content, structured, agent, metadata, created_at) VALUES ('edc1ca79-5f3b-41a2-968e-b4d25020aed9', '2456cd0c-7a55-47d2-aaf5-62d308d69cfe', NULL, 'user', 'service', '我预算15万，人在广州，通勤为主，周末偶尔自驾，想要智能化强一点。', NULL, NULL, '{"importedFrom":"sessions.json","order":0}'::jsonb, '2026-03-26T12:46:04.346Z');
INSERT INTO messages (id, session_id, request_id, role, mode, content, structured, agent, metadata, created_at) VALUES ('74145fb7-7403-4172-b027-28333b695434', '2456cd0c-7a55-47d2-aaf5-62d308d69cfe', NULL, 'assistant', 'service', '抱歉，AI 响应超时，请稍后再试。', NULL, NULL, '{"importedFrom":"sessions.json","order":1}'::jsonb, '2026-03-26T12:46:04.346Z');
INSERT INTO messages (id, session_id, request_id, role, mode, content, structured, agent, metadata, created_at) VALUES ('4262b599-aecf-4df5-9b56-d4123e891f4a', '3d710418-5b86-4951-8cd7-08e631be7f8e', NULL, 'user', 'service', '我预算25万，人在广州，通勤为主，周末偶尔自驾，想要智能化强一点。', NULL, NULL, '{"importedFrom":"sessions.json","order":0}'::jsonb, '2026-03-26T12:45:20.066Z');
INSERT INTO messages (id, session_id, request_id, role, mode, content, structured, agent, metadata, created_at) VALUES ('228afff7-1b21-4f17-886a-68ab0efd981f', '3d710418-5b86-4951-8cd7-08e631be7f8e', NULL, 'assistant', 'service', '抱歉，AI 响应超时，请稍后再试。', NULL, NULL, '{"importedFrom":"sessions.json","order":1}'::jsonb, '2026-03-26T12:45:20.066Z');
INSERT INTO messages (id, session_id, request_id, role, mode, content, structured, agent, metadata, created_at) VALUES ('e21f0cbc-4e9c-4e3f-835c-2f9a4d3de6f0', '10fc4dfe-069d-4d86-963b-c975a3b7a019', NULL, 'user', 'service', '???15?,????,????,????????', NULL, NULL, '{"importedFrom":"sessions.json","order":0}'::jsonb, '2026-03-26T11:42:29.308Z');
INSERT INTO messages (id, session_id, request_id, role, mode, content, structured, agent, metadata, created_at) VALUES ('8f4b93de-160f-43b5-a9b4-9f814895360b', '10fc4dfe-069d-4d86-963b-c975a3b7a019', NULL, 'assistant', 'service', '抱歉，AI 响应超时，请稍后再试。', NULL, NULL, '{"importedFrom":"sessions.json","order":1}'::jsonb, '2026-03-26T11:42:29.308Z');
INSERT INTO messages (id, session_id, request_id, role, mode, content, structured, agent, metadata, created_at) VALUES ('b91f9045-0765-4669-91b7-490b90c37345', 'd17f21fc-2256-4dab-9968-1ec3af1d8bf7', NULL, 'user', 'service', '我预算25万，人在广州，通勤为主，周末偶尔自驾，想要智能化强一点。', NULL, NULL, '{"importedFrom":"sessions.json","order":0}'::jsonb, '2026-03-26T11:41:46.740Z');
INSERT INTO messages (id, session_id, request_id, role, mode, content, structured, agent, metadata, created_at) VALUES ('6886a040-0e72-4ea8-9c98-ff17b986165a', 'd17f21fc-2256-4dab-9968-1ec3af1d8bf7', NULL, 'assistant', 'service', '抱歉，AI 响应超时，请稍后再试。', NULL, NULL, '{"importedFrom":"sessions.json","order":1}'::jsonb, '2026-03-26T11:41:46.740Z');
INSERT INTO messages (id, session_id, request_id, role, mode, content, structured, agent, metadata, created_at) VALUES ('5c984f59-6887-47ab-9987-c6692672ff4b', '7fabf2f5-f25b-496c-aeea-88b20da343bb', NULL, 'user', 'service', '我预算25万，人在广州，通勤为主，周末偶尔自驾，想要智能化强一点。', NULL, NULL, '{"importedFrom":"sessions.json","order":0}'::jsonb, '2026-03-26T07:38:42.241Z');
INSERT INTO messages (id, session_id, request_id, role, mode, content, structured, agent, metadata, created_at) VALUES ('bd34e09d-e698-4d29-bc21-3b5079aeaada', '7fabf2f5-f25b-496c-aeea-88b20da343bb', NULL, 'assistant', 'service', '抱歉，AI 响应超时，请稍后再试。', NULL, NULL, '{"importedFrom":"sessions.json","order":1}'::jsonb, '2026-03-26T07:38:42.241Z');
INSERT INTO messages (id, session_id, request_id, role, mode, content, structured, agent, metadata, created_at) VALUES ('0b373322-465b-4e78-adc7-bf70eed7d519', 'b4d58fa4-f550-4646-a690-72f9fcdeca3a', NULL, 'user', 'comparison', '我想认真对比两款具体车型，请从空间、续航、智能化、保值率和售后成本几个维度帮我分析。', NULL, NULL, '{"importedFrom":"sessions.json","order":0}'::jsonb, '2026-03-26T06:28:13.126Z');
INSERT INTO messages (id, session_id, request_id, role, mode, content, structured, agent, metadata, created_at) VALUES ('407ec47a-64f0-4228-ba00-35455b469093', 'b4d58fa4-f550-4646-a690-72f9fcdeca3a', NULL, 'assistant', 'comparison', '您尚未指定需要对比的两款车型，请告诉我具体想对比哪两款车（如「小鹏 G6 vs 特斯拉 Model Y」或「小米 SU7 vs 极氪 007」），我才能基于空间、续航、智能化、保值率及售后成本等维度为您做详细分析。

**比较重点**
- 请补全两款具体车型
- 告诉我你的主要决策场景

**建议下一步**
1. 补充另一款车型
2. 说明你更看重家用、通勤还是长途

**推荐结论**
待您补充具体车型后，我将结合您关注的 ADAS、Range、Space 三大优先级，给出客观对比与购买建议。', NULL, NULL, '{"importedFrom":"sessions.json","order":1}'::jsonb, '2026-03-26T06:28:13.126Z');
INSERT INTO messages (id, session_id, request_id, role, mode, content, structured, agent, metadata, created_at) VALUES ('61c92b14-02a9-465d-af18-07ca7535e929', 'b4d58fa4-f550-4646-a690-72f9fcdeca3a', NULL, 'user', 'comparison', '小鹏 G6 vs 特斯拉 Model Y', NULL, NULL, '{"importedFrom":"sessions.json","order":2}'::jsonb, '2026-03-26T06:28:13.126Z');
INSERT INTO messages (id, session_id, request_id, role, mode, content, structured, agent, metadata, created_at) VALUES ('1ec37b1b-f338-4ccb-bc51-2681b8f3d58e', 'b4d58fa4-f550-4646-a690-72f9fcdeca3a', NULL, 'assistant', 'comparison', '两款中型纯电SUV标杆对决：小鹏G6以更低门槛提供长续航与本土高阶智驾，特斯拉Model Y则以品牌力与全球超充网络见长。

**比较重点**
- 重点诉求：ADAS / Range / Space

**维度对比**
- **价格**：A — 小鹏G6：约19.99万起，入门门槛低于Model Y约5万元，同续航版本价格优势明显；B — 特斯拉Model Y：约24.99万起，品牌溢价明显，但保值率与二手流通性通常更强
- **续航/能耗**：A — 小鹏G6：CLTC最高约755km（视配置），800V高压平台充电快，长途焦虑小；B — 特斯拉Model Y：CLTC常见约554–688km，能耗控制优秀，但续航上限略逊；超充网络覆盖广
- **智能化**：A — 小鹏G6：高阶智驾（城市/高速NGP）与座舱生态贴合国内场景，语音交互与导航体验本土化强；B — 特斯拉Model Y：Autopilot/FSD基础扎实，OTA更新频繁，但FSD国内功能尚未完全开放，语音与导航本土化略逊
- **空间/舒适**：A — 小鹏G6：中型SUV，后排腿部与头部空间充裕，座椅配置（通风/加热）通常更丰富；B — 特斯拉Model Y：前备厢+后备厢储物灵活，但后排座椅偏短硬，内饰极简，NVH控制一般

**建议下一步**
1. 如果你重视智驾和座舱，优先去试驾 小鹏 G6 与 特斯拉 Model Y
2. 把最在意的 2-3 个维度单独拎出来确认，不要一次比较过多信息
3. 继续补充：最重要的比较场景

**推荐结论**
推荐结论：预算20万左右、看重长续航与本土高阶智驾（尤其城市通勤）选小鹏G6；预算充足、看重品牌保值与全球超充网络、接受极简内饰选特斯拉Model Y。', NULL, NULL, '{"importedFrom":"sessions.json","order":3}'::jsonb, '2026-03-26T06:28:13.126Z');
INSERT INTO messages (id, session_id, request_id, role, mode, content, structured, agent, metadata, created_at) VALUES ('88f787e4-2b11-4e9d-8e29-6407ba602907', '30cc1ebc-9702-4f15-aa6f-4540fd6b4332', NULL, 'user', 'service', '我想认真对比两款具体车型，请从空间、续航、智能化、保值率、售后成本等维度给我一张对比思路表。', NULL, NULL, '{"importedFrom":"sessions.json","order":0}'::jsonb, '2026-03-26T03:07:08.676Z');
INSERT INTO messages (id, session_id, request_id, role, mode, content, structured, agent, metadata, created_at) VALUES ('2bf6669c-9b65-44e6-b7ea-cacf59fbd99e', '30cc1ebc-9702-4f15-aa6f-4540fd6b4332', NULL, 'assistant', 'service', '您希望从空间、续航、智能化、保值率、售后成本等维度对比两款具体车型，但目前尚未明确是哪两款车。请告诉我您正在考虑的具体车型名称，我将为您生成详细的客观对比。

**比较重点**
- 请补全两款具体车型
- 告诉我你的主要决策场景

**维度对比**
- **价格**：A — 待补充：请提供车型A；B — 待补充：请提供车型B
- **续航/能耗**：A — 待补充；B — 待补充
- **智能化**：A — 待补充；B — 待补充
- **空间/舒适**：A — 待补充；B — 待补充

**建议下一步**
1. 补充另一款车型
2. 说明你更看重家用、通勤还是长途

**推荐结论**
请补充您想对比的两款具体车型名称（例如：小鹏G6 vs 特斯拉Model Y，或比亚迪汉EV vs 极氪007）。根据您的画像关注智驾、续航与空间，我可以为您精准分析哪款更适合您的用车场景。', NULL, NULL, '{"importedFrom":"sessions.json","order":1}'::jsonb, '2026-03-26T03:07:08.676Z');
INSERT INTO messages (id, session_id, request_id, role, mode, content, structured, agent, metadata, created_at) VALUES ('5959bd38-df55-4e40-8870-fd4db44c052d', '30cc1ebc-9702-4f15-aa6f-4540fd6b4332', NULL, 'user', 'service', '我想对比小米和小鹏', NULL, NULL, '{"importedFrom":"sessions.json","order":2}'::jsonb, '2026-03-26T03:07:08.676Z');
INSERT INTO messages (id, session_id, request_id, role, mode, content, structured, agent, metadata, created_at) VALUES ('203f6585-7127-48fa-814e-7b0d5e98b499', '30cc1ebc-9702-4f15-aa6f-4540fd6b4332', NULL, 'assistant', 'service', '您希望对比小米与小鹏品牌，但两品牌均有多款车型（小米现有SU7，小鹏含P7i/G6/G9/MONA M03等），需明确具体车型组合方可进行客观参数对比

**比较重点**
- 请补全两款具体车型
- 告诉我你的主要决策场景

**维度对比**
- **价格**：A — 小米：SU7约21.59万起（以官网为准），品牌其他车型待明确；B — 小鹏：P7i约22.39万起/G6约19.99万起/G9约26.39万起/M03约11.98万起（具体以官网为准）
- **续航/能耗**：A — 小米：SU7 CLTC约700–830km级（视配置），品牌其他车型待明确；B — 小鹏：因车型差异大（P7i约550–702km/G6最高约755km/G9约570–702km/M03约515–620km）
- **智能化**：A — 小米：SU7城市/高速智驾与座舱生态高（具体以官网为准）；B — 小鹏：P7i/G6/G9城市/高速智驾与座舱生态高，MONA M03中高
- **空间/舒适**：A — 小米：SU7为C级轿车，具体空间参数待明确；B — 小鹏：轿车（P7i/M03）与SUV（G6/G9）空间差异显著，需明确车型

**建议下一步**
1. 补充另一款车型
2. 说明你更看重家用、通勤还是长途

**推荐结论**
基于您关注智驾、续航与空间，建议优先明确车型级别：若对比运动轿车可参考小米SU7 vs 小鹏P7i；若看重空间实用性可考虑小米SU7 vs 小鹏G6（SUV形态）；若预算敏感可对比小鹏MONA M03。请明确具体车型组合以获取精准对比。', NULL, NULL, '{"importedFrom":"sessions.json","order":3}'::jsonb, '2026-03-26T03:07:08.676Z');
INSERT INTO messages (id, session_id, request_id, role, mode, content, structured, agent, metadata, created_at) VALUES ('0d31e1a5-849f-4f3f-adb5-55734dd3c12b', '30cc1ebc-9702-4f15-aa6f-4540fd6b4332', NULL, 'user', 'service', '我更注重家用', NULL, NULL, '{"importedFrom":"sessions.json","order":4}'::jsonb, '2026-03-26T03:07:08.676Z');
INSERT INTO messages (id, session_id, request_id, role, mode, content, structured, agent, metadata, created_at) VALUES ('25164a53-34ce-4328-9c87-9068ed47cb41', '30cc1ebc-9702-4f15-aa6f-4540fd6b4332', NULL, 'assistant', 'service', '**家用场景选车：小米 vs 小鹏车型锁定**

先锁定预算、补能条件、家庭结构和通勤强度，再决定轿车/SUV、纯电/增程。

**操作步骤**
1. 明确家用核心需求：统计家庭常驻人口（是否经常坐满5人）、儿童座椅安装需求、后备箱载物场景（婴儿车/露营装备），以此决定轿车还是SUV
2. 推荐对比组合：小米SU7（C级轿车）vs 小鹏G6（中型SUV），前者侧重驾驶操控与生态互联，后者侧重空间实用性与家庭出行舒适度
3. 空间实地验证：到店时让 tallest 的家庭成员坐后排，测量膝部空间（建议≥2拳）和头部空间（建议≥1拳），检查后备箱开口高度是否方便搬运大件
4. 续航与补能确认：确认家中能否安装充电桩，若不能则优先选择小鹏G6（800V快充体系在公共桩效率更优），并测试日常通勤路线上的常用充电站兼容性
5. 智驾场景化体验：要求销售在试驾路线中包含拥堵跟车、高速领航、地库泊车三个家用高频场景，观察系统对加塞车辆的反应柔和度及泊车对狭窄车位的适应能力

**注意事项**
- 小米SU7为轿跑造型，后排头部空间和后备箱开口高度对家用装载可能受限，建议重点验证
- 小鹏G6的座椅填充和底盘滤震风格偏舒适，更适合长途家用，但具体配置和权益以官网及当地门店为准
- 若家中无法安装充电桩且长途需求少，建议优先考虑小鹏G6的续航表现；若对后排空间要求极高，建议到店对比G9或等待小米后续车型
- 涉及具体价格、金融政策、交付周期及属地化权益，请联系小鹏/小米官方客服或授权门店确认最新信息

**建议尽快联系官方/到店的情况**
- 如果重复出现异常或影响正常驾驶，建议联系官方售后进一步检查

**建议下一步**
1. 我预算 20 万内，人在广州，主要城市通勤
2. 我家里不能装桩，通勤为主，偶尔长途
3. 我更看重智驾和座舱体验，帮我缩小范围

建议带上全家成员一同试驾，让常用车的家庭成员实际体验后排和上下车便利性，避免单方面决策。', NULL, NULL, '{"importedFrom":"sessions.json","order":5}'::jsonb, '2026-03-26T03:07:08.676Z');
INSERT INTO messages (id, session_id, request_id, role, mode, content, structured, agent, metadata, created_at) VALUES ('8e12e2dd-1f77-4065-a22c-a25862b0d77f', '30cc1ebc-9702-4f15-aa6f-4540fd6b4332', NULL, 'user', 'service', '纯电动车日常用车有哪些省电、安全和保养上的习惯？冬天续航下降要注意什么？', NULL, NULL, '{"importedFrom":"sessions.json","order":6}'::jsonb, '2026-03-26T03:07:08.676Z');
INSERT INTO messages (id, session_id, request_id, role, mode, content, structured, agent, metadata, created_at) VALUES ('f13a234c-e9f0-4182-a87c-a5abe7d5bb9e', '30cc1ebc-9702-4f15-aa6f-4540fd6b4332', NULL, 'assistant', 'service', '**纯电车日常省电、安全与保养习惯及冬季续航管理**

冬季续航下降常见，核心是预热、胎压、空调策略和充电习惯。

**操作步骤**
1. 省电驾驶：保持匀速行驶，避免频繁急加速/急刹车，使用经济或标准驾驶模式，高速控制在100km/h以内以降低风阻电耗
2. 空调与热管理：优先使用座椅加热和方向盘加热替代暖风，空调设为22℃自动模式；冬季出发前先在充电状态下完成电池和座舱预热，减少冷车高能耗
3. 轮胎与胎压：每月检查胎压，冬季按厂家建议适当调高（通常比夏季高0.2-0.3bar），确保四轮气压一致以减少滚动阻力
4. 充电习惯：日常通勤电量保持在20%-80%之间，避免长期满充或低电量停放；慢充为主，快充仅作应急，长期停放前保持50%-70%电量并每两周检查一次
5. 安全驾驶辅助：善用ACC/LCC等ADAS功能减少人为操作波动，但保持手握方向盘随时准备接管；定期检查刹车盘片磨损（动能回收虽减少刹车使用，但锈蚀和间隙仍需关注）
6. 保养周期：每1万公里或12个月检查轮胎磨损、四轮定位、空调滤芯和12V蓄电池健康；每2年检查制动液、冷却液（具体以车辆用户手册为准）
7. 冬季续航规划：极寒地区表显续航与实际偏差明显，以最近50km平均能耗估算真实续航；长途出行提前规划补能，电量低于30%即开始寻找充电桩，避免在低温下长时间低电量停放

**注意事项**
- 纯电车虽无机油保养，但轮胎磨损速度常高于燃油车，高里程用户需重点关注胎纹深度和底盘部件
- 若车辆出现续航异常跳变、充电功率骤降或故障灯常亮，建议立即联系小鹏/小米官方客服或授权服务中心检测，避免自行拆解高压系统
- 12V蓄电池亏电会导致车辆无法启动，长期停放建议断开负极或保持定期补电
- 具体保养项目、周期及保修政策以各品牌官方用户手册和售后服务方案为准，不同车型存在差异

**建议尽快联系官方/到店的情况**
- 如果重复出现异常或影响正常驾驶，建议联系官方售后进一步检查

**建议下一步**
1. 冬天每天通勤 60 公里，怎么把电耗降下来
2. 帮我做一个冬季长途补能建议
3. 哪类车在低温场景更省心

养成温和驾驶、智能热管理和定期胎压检查的习惯，能让您的电车在冬季保持更稳定的续航表现和更长的电池寿命。', NULL, NULL, '{"importedFrom":"sessions.json","order":7}'::jsonb, '2026-03-26T03:07:08.676Z');
INSERT INTO messages (id, session_id, request_id, role, mode, content, structured, agent, metadata, created_at) VALUES ('546e1d31-1832-4abf-8103-86f25616c2a8', '30cc1ebc-9702-4f15-aa6f-4540fd6b4332', NULL, 'user', 'service', '我想看看小鹏G6', NULL, NULL, '{"importedFrom":"sessions.json","order":8}'::jsonb, '2026-03-26T03:07:08.676Z');
INSERT INTO messages (id, session_id, request_id, role, mode, content, structured, agent, metadata, created_at) VALUES ('032a911b-2c03-493b-9130-211d7b6f667f', '30cc1ebc-9702-4f15-aa6f-4540fd6b4332', NULL, 'assistant', 'service', '**小鹏G6家用场景深度体验指南**

先锁定预算、补能条件、家庭结构和通勤强度，再决定轿车/SUV、纯电/增程。

**操作步骤**
1. 通过小鹏汽车App或官网预约当地体验中心试驾，备注''家用场景体验''要求包含城市拥堵、快速路、地库泊车及后排乘坐环节
2. 到店优先验证空间实用性：让 tallest 家庭成员坐后排测量膝部与头部空间，检查后备箱开口高度及容积是否满足婴儿车/露营装备装载（G6为轿跑SUV，需重点确认后排头部空间）
3. 重点体验ADAS能力：要求销售演示城市NGP（如当地已开放）或高速NGP，观察拥堵跟车、变道决策及泊车对狭窄车位的适应能力（符合你对智驾的关注点）
4. 了解续航与补能：询问800V高压快充实际表现及你常用充电站的兼容性，结合你的通勤距离估算冬季实际续航（关注Range优先级）
5. 安全细节检查：查看车身刚性材料、气囊配置及主动安全功能演示，了解OTA升级对安全系统的持续优化能力（符合Safety关注点）
6. 若考虑对比：可要求门店安排小鹏G6与小米SU7或G9的连续体验，便于横向比较空间与智驾差异

**注意事项**
- 具体车型配置、价格、金融政策及属地化权益以小鹏汽车官网或当地授权门店最新信息为准，建议试驾前通过官方客服确认
- G6作为家用SUV，建议重点验证后排长途乘坐舒适性及后备箱装载便利性，确保符合家庭出行需求
- 若家中无法安装家充桩，建议重点测试你常去公共充电站的实际充电功率和兼容性

**建议尽快联系官方/到店的情况**
- 如果重复出现异常或影响正常驾驶，建议联系官方售后进一步检查

**建议下一步**
1. 我预算 20 万内，人在广州，主要城市通勤
2. 我家里不能装桩，通勤为主，偶尔长途
3. 我更看重智驾和座舱体验，帮我缩小范围

建议带上全家成员一同到店，让主要用车人实际体验后排和上下车便利性，结合ADAS、空间、续航三维度做综合决策。', NULL, NULL, '{"importedFrom":"sessions.json","order":9}'::jsonb, '2026-03-26T03:07:08.676Z');
INSERT INTO messages (id, session_id, request_id, role, mode, content, structured, agent, metadata, created_at) VALUES ('f8880e1a-0e13-416a-b935-8f5ff2121e3f', '4042e485-ba9e-4f01-b422-aaee465d1133', NULL, 'user', 'service', '???20??,??????,?????????SUV', NULL, NULL, '{"importedFrom":"sessions.json","order":0}'::jsonb, '2026-03-25T17:31:25.819Z');
INSERT INTO messages (id, session_id, request_id, role, mode, content, structured, agent, metadata, created_at) VALUES ('ca53ce74-95e5-4362-a524-6b468c3dd4fa', '4042e485-ba9e-4f01-b422-aaee465d1133', NULL, 'assistant', 'service', '**关于车型选购咨询的说明**

当前问题还比较泛，我可以继续细化到购车、试驾或车主服务的具体场景。

**操作步骤**
1. 目前无法提供具体车型推荐、实时价格、库存状态及配置对比信息
2. 建议通过品牌官方App、官网或拨打官方客服热线查询20万级新能源SUV车型资料
3. 如需试驾或购车建议，请联系销售顾问或前往授权门店咨询

**注意事项**
- 作为售后服务顾问，主要职责是解答保养、充电、车机、保险、故障灯等用车问题
- 不涉及售前咨询、价格谈判及新车推荐
- 若已确定具体车型，可咨询该车型的售后保养政策

**建议尽快联系官方/到店的情况**
- 涉及事故、故障灯、高压系统或无法正常驾驶时，直接联系官方售后

**建议下一步**
1. 我想预约试驾，人在广州
2. 帮我列一个冬季续航管理建议
3. 纯电车一年保养看哪些项目

如果您已拥有或即将交付相关车辆，欢迎随时咨询保养、充电设置、保险购买或故障排查等售后问题', NULL, NULL, '{"importedFrom":"sessions.json","order":1}'::jsonb, '2026-03-25T17:31:25.819Z');
INSERT INTO messages (id, session_id, request_id, role, mode, content, structured, agent, metadata, created_at) VALUES ('281975fa-f25f-456c-b943-d18044b9d721', 'cd5e3412-5ec9-425a-852b-5346f73bc410', NULL, 'user', 'service', '???????,????????', NULL, NULL, '{"importedFrom":"sessions.json","order":0}'::jsonb, '2026-03-25T17:31:13.958Z');
INSERT INTO messages (id, session_id, request_id, role, mode, content, structured, agent, metadata, created_at) VALUES ('a83d31f0-a096-49ba-b4ce-d66589eb38ac', 'cd5e3412-5ec9-425a-852b-5346f73bc410', NULL, 'assistant', 'service', '**无法识别您的问题**

当前问题还比较泛，我可以继续细化到购车、试驾或车主服务的具体场景。

**操作步骤**
1. 请重新输入您想咨询的用车问题（如保养、充电、故障灯、保险等）
2. 或描述车辆当前遇到的具体现象（如异响、亮灯、充不进电等）
3. 如为紧急情况，请直接拨打道路救援或联系就近服务中心

**注意事项**
- 当前输入内容无法解析，无法提供针对性技术建议
- 涉及行驶安全的问题，请勿继续驾驶，立即联系官方客服

**建议尽快联系官方/到店的情况**
- 涉及事故、故障灯、高压系统或无法正常驾驶时，直接联系官方售后

**建议下一步**
1. 我想预约试驾，人在广州
2. 帮我列一个冬季续航管理建议
3. 纯电车一年保养看哪些项目

请重新描述您的问题，我将为您提供专业的用车建议。', NULL, NULL, '{"importedFrom":"sessions.json","order":1}'::jsonb, '2026-03-25T17:31:13.958Z');
INSERT INTO messages (id, session_id, request_id, role, mode, content, structured, agent, metadata, created_at) VALUES ('f6542b0d-f00b-4d51-b061-9f014bbb96f7', '99aa3978-7f42-45dc-a012-5311d6f2db5a', NULL, 'user', 'recommendation', '我预算20万内，主要城市通勤，想要智能化好一点的SUV', NULL, NULL, '{"importedFrom":"sessions.json","order":0}'::jsonb, '2026-03-25T17:30:35.108Z');
INSERT INTO messages (id, session_id, request_id, role, mode, content, structured, agent, metadata, created_at) VALUES ('71134422-18c9-4bbd-b3ba-cae824c1037f', '99aa3978-7f42-45dc-a012-5311d6f2db5a', NULL, 'assistant', 'recommendation', '20万预算内要智能化SUV，目前主流选择集中在15-20万区间。以下推荐综合考虑城市通勤场景与智驾配置，价格与续航请以品牌官网及当地门店当日公示为准。

**Agent 理解**
预算 20万内；车型偏好 SUV；关注点 ADAS / Value；场景 CityCommute

**当前判断依据**
- 预算约束：20万内
- 核心场景：CityCommute
- 重点诉求：ADAS / Value
- 车型偏好：SUV

**小鹏 G6**
- 价格：约19.99万起（具体以官网/门店为准）
- 续航：CLTC最高约755km（视配置）
- 智能化：高（城市/高速智驾与座舱生态）
推荐理由：
- XNGP智能辅助驾驶系统覆盖城市领航与高速导航辅助，适合高频城市通勤场景
- 全域800V高压SiC碳化硅平台，充电效率在同价位区间具有优势
- 座舱搭载高通骁龙SA8155P芯片，语音交互与多屏联动体验流畅

**零跑 C11**
- 价格：约14.88万起（具体以官网/门店为准）
- 续航：因动力形式与配置差异大（以官网为准）
- 智能化：中高
推荐理由：
- 提供纯电与增程双动力选择，增程版可缓解长途续航焦虑
- Leapmotor Pilot智驾系统支持L2级辅助驾驶功能，基础智驾能力完备
- 轴距2930mm，后排空间表现优于同级多数车型，家用属性突出

**深蓝 S07**
- 价格：约14.99万起（具体以官网/门店为准）
- 续航：因动力形式与配置差异大（以官网为准）
- 智能化：中高
推荐理由：
- 华为乾崑智驾ADS SE版（选装）可提供高速领航辅助与智能泊车功能
- 增程版纯电续航可达200km+（CLTC），满足一周城市通勤无需用油
- 无框车门与极简内饰设计风格，年轻化特征明显

**对比建议**
**智能化优先级**：若预算可触达20万且智驾是核心诉求，小鹏G6的城市领航能力与800V架构更契合；**性价比与空间**：零跑C11以更低起售价提供更大空间与双动力选择，适合预算敏感且需兼顾家用的用户；**设计偏好**：深蓝S07外观更具辨识度，增程技术路线成熟，适合看重造型与无续航焦虑的用户。建议重点试驾对比智驾系统的实际道路表现与座舱交互逻辑。

**还缺哪些信息**
- 是否能装家充

**建议下一步**
1. 先把 G6 和 C11 做一次深度对比
2. 如果准备线下体验，可优先去 小鹏汽车广州总部体验中心
3. 继续补充：是否能装家充
4. 确定 1-2 台重点候选后，再决定是否预约试驾和询价

**总结**
预算顶格选小鹏G6享受高阶智驾，预算收紧选零跑C11或深蓝S07平衡空间与基础智能，建议根据实际试驾体验与终端权益做最终决策。', NULL, NULL, '{"importedFrom":"sessions.json","order":1}'::jsonb, '2026-03-25T17:30:35.108Z');
INSERT INTO messages (id, session_id, request_id, role, mode, content, structured, agent, metadata, created_at) VALUES ('0d5a1651-b6fc-414f-b508-775ad7238cc3', '99aa3978-7f42-45dc-a012-5311d6f2db5a', NULL, 'user', 'recommendation', '我人在广州，家里能装桩', NULL, NULL, '{"importedFrom":"sessions.json","order":2}'::jsonb, '2026-03-25T17:30:35.108Z');
INSERT INTO messages (id, session_id, request_id, role, mode, content, structured, agent, metadata, created_at) VALUES ('3b885141-192f-4f03-a808-4f224f386962', '99aa3978-7f42-45dc-a012-5311d6f2db5a', NULL, 'assistant', 'recommendation', '明确家充条件后，纯电SUV的使用成本将进一步降低，广州气候温和也有利于续航达成。以下推荐优先侧重纯电版本，价格与配置请以品牌官网及广州当地经销商当日公示为准。

**Agent 理解**
预算 20万内；城市 广州；车型偏好 SUV；关注点 ADAS / Value；场景 CityCommute；补能条件 可装家充

**当前判断依据**
- 预算约束：20万内
- 核心场景：CityCommute
- 重点诉求：ADAS / Value
- 补能条件：可装家充

**小鹏 G6**
- 价格：约19.99万起（具体以官网/门店为准）
- 续航：CLTC 最高约755km（视配置）
- 智能化：高（城市/高速智驾与座舱生态）
推荐理由：
- XNGP智能辅助驾驶已在广州等城市开放城市领航功能，契合高频通勤场景
- 全域800V高压SiC平台充电效率高，配合家充可实现极低的每公里用电成本
- 作为广州本土品牌，售后网点密集且服务响应便捷

**零跑 C11**
- 价格：约14.88万起（具体以官网/门店为准）
- 续航：因动力形式与配置差异大（以官网为准）
- 智能化：中高
推荐理由：
- 起售价低于15万，在20万预算内可轻松覆盖高配车型，性价比突出
- 轴距2930mm，后排及后备厢空间优于同级多数车型，适合家庭使用
- 有家充条件下建议选择纯电版本，日常通勤可完全用电，维护成本低于增程版

**深蓝 S07**
- 价格：约14.99万起（具体以官网/门店为准）
- 续航：因动力形式与配置差异大（以官网为准）
- 智能化：中高
推荐理由：
- 可选装华为乾崑智驾ADS SE版，提供高速领航辅助与智能泊车功能
- 无框车门与极简内饰设计，造型风格偏向年轻化
- 有家充条件下选择纯电版，可享受比增程版更低的日常能耗成本

**对比建议**
智驾能力：小鹏G6具备城市领航功能，智驾落地成熟度最高；深蓝S07依托华为方案在高速场景表现稳健；零跑C11满足基础L2级辅助。空间与性价比：零跑C11以更低价格提供最大轴距与后排空间；深蓝S07设计更具辨识度；小鹏G6则在800V架构与充电效率上领先。有家充条件下，三车纯电版均能满足广州城市通勤，建议根据实际预算（15万级选C11/S07，20万级选G6）及智驾需求做选择。

**建议下一步**
1. 先把 G6 和 C11 做一次深度对比
2. 确定 1-2 台重点候选后，再决定是否预约试驾和询价

**总结**
有家充保障日常补能，20万内可优先考虑小鹏G6享受高阶智驾与800V技术，或选择零跑C11、深蓝S07纯电版以更低成本获得大空间与基础智能。', NULL, NULL, '{"importedFrom":"sessions.json","order":3}'::jsonb, '2026-03-25T17:30:35.108Z');
INSERT INTO messages (id, session_id, request_id, role, mode, content, structured, agent, metadata, created_at) VALUES ('e55ce65a-9c3d-47a4-80c7-f2860b0f1fc7', 'a11f84a7-de1d-46ac-8206-8e12f7f1a230', NULL, 'user', 'service', '冬天续航掉得快，日常怎么用车更稳妥', NULL, NULL, '{"importedFrom":"sessions.json","order":0}'::jsonb, '2026-03-25T17:29:01.267Z');
INSERT INTO messages (id, session_id, request_id, role, mode, content, structured, agent, metadata, created_at) VALUES ('991bdc4b-6ee3-4cac-93f2-e4990cb24bab', 'a11f84a7-de1d-46ac-8206-8e12f7f1a230', NULL, 'assistant', 'service', '**冬季续航优化日常操作建议**

冬季续航下降常见，核心是预热、胎压、空调策略和充电习惯。

**操作步骤**
1. 出发前在插枪充电状态下完成电池预热或座舱预热，避免冷车启动时高能耗
2. 检查胎压并保持在厂家推荐值（低温时胎压易降低），避免长时间高速暴力驾驶
3. 空调优先使用座椅加热和方向盘加热辅助，减少暖风功率消耗
4. 长途出行前规划补能节奏，尽量在电量20%-30%时就提前充电，不要等电量过低再找桩
5. 以最近几次实际电耗数据估算剩余续航，不要完全依赖表显理论续航

**注意事项**
- 极寒地区（如东北、西北）表显续航和实际续航偏差会更明显，建议预留更大余量
- 若发现续航异常衰减或充电速度明显变慢，建议联系官方客服或到店检查电池热管理系统
- 冬季电池活性降低属正常现象，若对车况不确定请及时咨询专业售后

**建议尽快联系官方/到店的情况**
- 如果重复出现异常或影响正常驾驶，建议联系官方售后进一步检查

**建议下一步**
1. 冬天每天通勤 60 公里，怎么把电耗降下来
2. 帮我做一个冬季长途补能建议
3. 哪类车在低温场景更省心

养成''预热先行、温和驾驶、提前补能''的习惯，冬季续航焦虑会大幅降低。', NULL, NULL, '{"importedFrom":"sessions.json","order":1}'::jsonb, '2026-03-25T17:29:01.267Z');
INSERT INTO messages (id, session_id, request_id, role, mode, content, structured, agent, metadata, created_at) VALUES ('14426e20-ec70-42fa-a918-9d338e3f1533', 'b30239ac-4d25-408e-a452-b2d0b3a84048', NULL, 'user', 'comparison', '小鹏 G6 和 特斯拉 Model Y 怎么选，我家里不能装桩', NULL, NULL, '{"importedFrom":"sessions.json","order":0}'::jsonb, '2026-03-25T17:28:48.630Z');
INSERT INTO messages (id, session_id, request_id, role, mode, content, structured, agent, metadata, created_at) VALUES ('d1473fd8-d064-43f5-a872-26d655a840db', 'b30239ac-4d25-408e-a452-b2d0b3a84048', NULL, 'assistant', 'comparison', '无家充场景下，20万级纯电SUV的性价比与补能效率之争

**比较重点**
- 补能条件：家充受限

**维度对比**
- **价格**：A — 小鹏 G6 约19.99万起，入门门槛比Model Y低约5万元，预算敏感型用户更友好；B — 特斯拉 Model Y 约24.99万起，品牌溢价明显，二手车保值率相对稳定
- **续航/能耗**：A — CLTC最高约755km，续航更长且支持800V高压快充，公共桩补能效率更高，无家充时可减少充电频次和等待时间；B — CLTC约554-688km，能耗控制优秀，但续航相对较短，需更频繁依赖超充网络，补能成本较高
- **智能化**：A — XNGP城市/高速智驾覆盖广，语音交互与座舱生态本土化程度高，车机应用丰富；B — 基础Autopilot稳定可靠，但FSD国内功能受限，座舱生态简洁封闭，语音交互本土化程度一般
- **空间/舒适**：A — 中型SUV空间宽敞，后排坐垫较长，座椅舒适性配置丰富，适合家庭长途乘坐；B — 后备箱容积大且前备厢实用，但悬挂调校偏硬，后排乘坐舒适性略逊，高速胎噪明显

**建议下一步**
1. 如果你重视智驾和座舱，优先去试驾 小鹏 G6 与 特斯拉 Model Y
2. 把最在意的 2-3 个维度单独拎出来确认，不要一次比较过多信息
3. 继续补充：最重要的比较场景

**推荐结论**
无家充用户建议优先考虑小鹏 G6：更长续航配合高压快充能显著降低补能焦虑，且购车成本更低；若你周边特斯拉超充站密集、看重品牌溢价及保值率，且预算充足，则选Model Y', NULL, NULL, '{"importedFrom":"sessions.json","order":1}'::jsonb, '2026-03-25T17:28:48.630Z');
INSERT INTO messages (id, session_id, request_id, role, mode, content, structured, agent, metadata, created_at) VALUES ('380ae12d-94c8-48b8-adcc-4d9147abb848', 'c393029d-5be3-445c-97b6-d4881dd019d2', NULL, 'user', 'recommendation', '我预算25万，人在广州，通勤为主，周末偶尔自驾，想要智能化强一些', NULL, NULL, '{"importedFrom":"sessions.json","order":0}'::jsonb, '2026-03-25T17:28:23.539Z');
INSERT INTO messages (id, session_id, request_id, role, mode, content, structured, agent, metadata, created_at) VALUES ('0c6fa371-f3a8-4d61-abe7-c9003f0fc767', 'c393029d-5be3-445c-97b6-d4881dd019d2', NULL, 'assistant', 'recommendation', '25万预算在广州选购智能化强的纯电车型，建议重点关注高阶智驾落地成熟度和本地补能便利性。以下三款车型均符合预算，且智能化评级较高，具体配置和价格请以品牌官网及当日门店公示为准。

**Agent 理解**
预算 25万；城市 广州；关注点 ADAS / Value；场景 CityCommute / RoadTrip

**当前判断依据**
- 预算约束：25万
- 核心场景：CityCommute / RoadTrip
- 重点诉求：ADAS / Value

**小鹏 G6**
- 价格：约19.99万起（具体以官网/门店为准）
- 续航：CLTC 最高约755km（视配置）
- 智能化：高（城市/高速智驾与座舱生态）
推荐理由：
- XNGP城市智驾在广州核心城区开放范围较广，可覆盖日常通勤点到点辅助驾驶
- 基于800V高压平台，配合小鹏自营超充站（广州及珠三角布局较密），补能效率较高
- 中型SUV车身形式，后备厢装载空间和底盘通过性优于同级轿车，适合周末自驾

**特斯拉 Model 3**
- 价格：约23.19万起（具体以官网/门店为准）
- 续航：CLTC 常见约606–713km（视配置）
- 智能化：高
推荐理由：
- Autopilot基础版功能成熟稳定，高速场景车道保持与自适应巡航逻辑可靠
- 自营超充网络覆盖密集，长途自驾时补能路径规划便利性行业领先
- 底盘调校偏运动取向，转向响应直接，驾驶反馈清晰

**极氪 007**
- 价格：约20.99万起（具体以官网/门店为准）
- 续航：CLTC 常见约616–870km级（视配置）
- 智能化：高
推荐理由：
- 搭载激光雷达的高阶智驾方案，硬件预留充足，后续OTA升级潜力较大
- 基于800V高压架构，长续航版CLTC可达870km左右，可减少长途出行充电频次
- 内饰用料和座舱静谧性在同价位纯电轿车中表现较好，乘坐舒适性佳

**对比建议**
智驾落地现状：小鹏G6的XNGP在广州城区可用路段较多，实际通勤接管率较低；特斯拉Model 3基础AP稳定但FSD完整功能国内尚未落地；极氪007智驾能力迭代较快但城市NOA覆盖度仍在扩展中。车身形式：G6为SUV，装载和通过性占优，适合装载露营装备；Model 3和007为轿车，城市停车灵活性稍好。补能生态：小鹏和特斯拉在广州自营超充站密度较高，极氪主要依赖第三方快充及自营极充站，建议结合您常去的活动区域查看站点分布。

**还缺哪些信息**
- 是否能装家充

**建议下一步**
1. 先把 G6 和 汉EV 做一次深度对比
2. 继续补充：是否能装家充
3. 确定 1-2 台重点候选后，再决定是否预约试驾和询价

**总结**
建议优先预约小鹏G6和极氪007的试驾，重点对比城市智驾在通勤路线上的实际表现和底盘舒适性，再结合车身形式偏好决策。', NULL, NULL, '{"importedFrom":"sessions.json","order":1}'::jsonb, '2026-03-25T17:28:23.539Z');
INSERT INTO messages (id, session_id, request_id, role, mode, content, structured, agent, metadata, created_at) VALUES ('60c535e8-9164-4553-905e-7561baa348f3', '95adbb23-afa7-4d45-895f-5b8b8908a0be', NULL, 'user', 'recommendation', '我预算20万内，主要城市通勤，想要智能化好一点的SUV', NULL, NULL, '{"importedFrom":"sessions.json","order":0}'::jsonb, '2026-03-25T17:25:16.189Z');
INSERT INTO messages (id, session_id, request_id, role, mode, content, structured, agent, metadata, created_at) VALUES ('3c2716b0-2767-4248-8b5d-ca90a2acb9c8', '95adbb23-afa7-4d45-895f-5b8b8908a0be', NULL, 'assistant', 'recommendation', '20万内追求智能化的SUV，目前有几款在智驾能力和性价比上表现突出。以下价格与续航信息仅供参考，具体以品牌官网及当地经销商当日公示为准。

**Agent 理解**
预算 20万内；车型偏好 SUV；关注点 ADAS / Value；场景 CityCommute

**当前判断依据**
- 预算约束：20万内
- 核心场景：CityCommute
- 重点诉求：ADAS / Value
- 车型偏好：SUV

**小鹏 G6**
- 价格：约19.99万起（具体以官网/门店为准）
- 续航：CLTC 最高约755km（视配置）
- 智能化：高（城市/高速智驾与座舱生态）
推荐理由：
- 城市NGP智驾在复杂路况覆盖度较高，支持停车场记忆泊车等功能
- 全域800V高压SiC平台，配合超充桩可实现较快的补能效率
- 中型SUV空间布局，后排可放倒满足家庭通勤与短途出游

**零跑 C11**
- 价格：约14.88万起（具体以官网/门店为准）
- 续航：因动力形式与配置差异大（以官网为准）
- 智能化：中高
推荐理由：
- 提供纯电与增程双动力，增程版可油可电缓解里程焦虑
- 起售价较低，预算内可触及高配车型，三联屏交互与L2级辅助驾驶功能齐全
- 后排空间在同价位车型中表现较好，座椅舒适性适合家庭通勤

**深蓝 S07**
- 价格：约14.99万起（具体以官网/门店为准）
- 续航：因动力形式与配置差异大（以官网为准）
- 智能化：中高
推荐理由：
- 可选华为乾崑智驾版本（高配），高速领航辅助能力较好
- 无框车门与极简座舱设计，年轻化风格明显
- 增程与纯电版本兼顾不同补能习惯，具体续航与能耗以官网配置表为准

**对比建议**
这三款取向不同：小鹏G6在预算上限提供了城市NOA和高压快充的完整体验，适合将高阶智驾作为刚需的用户；零跑C11以更低价格换取大空间和双动力选择，适合预算敏感且对城市智驾需求不急迫的家庭；深蓝S07则通过华为智驾方案（高配）和设计感吸引年轻用户。若 primarily 城市通勤且充电条件便利，G6的纯电续航与能耗效率更占优；若偶有长途，建议对比C11或S07的增程版本以降低续航焦虑。

**还缺哪些信息**
- 是否能装家充

**建议下一步**
1. 先把 G6 和 C11 做一次深度对比
2. 如果准备线下体验，可优先去 小鹏汽车广州总部体验中心
3. 继续补充：是否能装家充
4. 确定 1-2 台重点候选后，再决定是否预约试驾和询价

**总结**
建议优先实测小鹏G6的城市智驾成熟度与乘坐舒适度，同时对比零跑C11增程版的纯电续航是否满足日常通勤半径，再最终决策。', NULL, NULL, '{"importedFrom":"sessions.json","order":1}'::jsonb, '2026-03-25T17:25:16.189Z');
INSERT INTO messages (id, session_id, request_id, role, mode, content, structured, agent, metadata, created_at) VALUES ('4c568178-984c-4a5d-97aa-aad1b5810644', '95adbb23-afa7-4d45-895f-5b8b8908a0be', NULL, 'user', 'recommendation', '我人在广州，家里能装桩', NULL, NULL, '{"importedFrom":"sessions.json","order":2}'::jsonb, '2026-03-25T17:25:16.189Z');
INSERT INTO messages (id, session_id, request_id, role, mode, content, structured, agent, metadata, created_at) VALUES ('65e81e99-a517-41af-899b-3b406591ce82', '95adbb23-afa7-4d45-895f-5b8b8908a0be', NULL, 'assistant', 'recommendation', '家里能装桩意味着可优先选择纯电版本，夜间谷电补能成本更低，且广州公共充电网络密集，纯电SUV是更优解。以下价格与续航信息以品牌官网及经销商当日公示为准。

**Agent 理解**
预算 20万内；城市 广州；车型偏好 SUV；关注点 ADAS / Value；场景 CityCommute；补能条件 可装家充

**当前判断依据**
- 预算约束：20万内
- 核心场景：CityCommute
- 重点诉求：ADAS / Value
- 补能条件：可装家充

**小鹏 G6**
- 价格：约19.99万起（具体以官网/门店为准）
- 续航：CLTC 最高约755km（视配置）
- 智能化：高（城市/高速智驾与座舱生态）
推荐理由：
- 城市NGP智驾在广州城区道路覆盖率较高，支持自动泊车与记忆泊车，契合ADAS需求
- 全域800V高压SiC平台，家充场景兼容性好，外出使用超充桩时补能效率显著
- 广州本地品牌，销售与售后网点密集，维保便利且配件供应相对充足

**零跑 C11**
- 价格：约14.88万起（具体以官网/门店为准）
- 续航：CLTC 纯电版常见约515-580km（视配置，以官网为准）
- 智能化：中高
推荐理由：
- 起售价较低，预算内可触及高配纯电版本，资金余量可用于家充桩安装或保险
- 中型SUV空间表现突出，后排与后备厢容积充裕，适合家庭日常通勤载物
- 配备L2级辅助驾驶与三联屏座舱，基础智能化功能齐全，性价比优势明显

**深蓝 S07**
- 价格：约14.99万起（具体以官网/门店为准）
- 续航：CLTC 纯电版常见约520-620km（视配置，以官网为准）
- 智能化：中高
推荐理由：
- 可选华为乾崑智驾版本（高配），高速领航辅助与智能泊车能力较好
- 无框车门与极简座舱设计，年轻化风格鲜明，内饰质感在同价位有竞争力
- 纯电版本续航满足一周城市通勤，配合家充可实现极低使用成本

**对比建议**
鉴于您具备家充条件，三款均建议优先考虑纯电版本，日常通勤可完全依靠夜间家充，使用成本最低。小鹏G6在预算上限提供了城市NOA与800V高压平台的完整体验，适合将高阶智驾作为刚需；零跑C11以更低门槛提供大空间与实用配置，适合预算敏感型用户；深蓝S07则通过华为智驾方案（高配）与设计感形成差异。若主要活动范围在广州市内且充电便利，G6的智驾成熟度与本地服务网络更具优势；若追求极致性价比与大空间，C11更值得重点考虑。

**建议下一步**
1. 先把 G6 和 C11 做一次深度对比
2. 确定 1-2 台重点候选后，再决定是否预约试驾和询价

**总结**
能装家充的情况下，建议优先试驾小鹏G6纯电版体验城市智驾成熟度，同时对比零跑C11纯电版的空间与性价比，根据实际预算与智驾需求做最终决策。', NULL, NULL, '{"importedFrom":"sessions.json","order":3}'::jsonb, '2026-03-25T17:25:16.189Z');
INSERT INTO messages (id, session_id, request_id, role, mode, content, structured, agent, metadata, created_at) VALUES ('efb90bd9-2e16-4662-b80c-72c794df2f75', '23c1b978-3374-4ae2-ab29-2fae5baa33a2', NULL, 'user', 'service', '冬天续航掉得快，日常怎么用车更稳妥', NULL, NULL, '{"importedFrom":"sessions.json","order":0}'::jsonb, '2026-03-25T17:23:35.875Z');
INSERT INTO messages (id, session_id, request_id, role, mode, content, structured, agent, metadata, created_at) VALUES ('dacfa715-e4b8-43cf-a0de-8bfce49de645', '23c1b978-3374-4ae2-ab29-2fae5baa33a2', NULL, 'assistant', 'service', '**冬季电动车续航优化指南**

冬季续航下降常见，核心是预热、胎压、空调策略和充电习惯。

**操作步骤**
1. 出发前在充电状态下完成电池或座舱预热，减少冷车启动时的高能耗
2. 检查胎压至标准值（低温胎压易不足），避免长时间高车速暴力驾驶，空调优先使用座椅加热和方向盘加热辅助取暖
3. 长途出行提前规划补能节奏，建议电量剩余30%左右就开始找桩，避免低电量焦虑

**注意事项**
- 极寒地区表显续航和实际续航偏差会更明显，建议以最近几次真实能耗估算剩余里程
- 若发现续航异常骤降（如隔夜掉电超过10%）或电池故障灯亮起，建议立即联系官方客服或到店检查

**建议尽快联系官方/到店的情况**
- 如果重复出现异常或影响正常驾驶，建议联系官方售后进一步检查

**建议下一步**
1. 冬天每天通勤 60 公里，怎么把电耗降下来
2. 帮我做一个冬季长途补能建议
3. 哪类车在低温场景更省心

养成“随用随充、提前预热”的习惯能显著改善冬季续航体验。', NULL, NULL, '{"importedFrom":"sessions.json","order":1}'::jsonb, '2026-03-25T17:23:35.875Z');
INSERT INTO messages (id, session_id, request_id, role, mode, content, structured, agent, metadata, created_at) VALUES ('ca95c3ff-0590-4b8d-af28-e98b1e7f6e1e', '71e34786-20a7-4c3c-8a9b-3a21c06464b3', NULL, 'user', 'comparison', '小鹏 G6 和 特斯拉 Model Y 怎么选，我家里不能装桩', NULL, NULL, '{"importedFrom":"sessions.json","order":0}'::jsonb, '2026-03-25T17:23:21.597Z');
INSERT INTO messages (id, session_id, request_id, role, mode, content, structured, agent, metadata, created_at) VALUES ('39f98ecc-d48c-4bb6-9772-c810600a6dcf', '71e34786-20a7-4c3c-8a9b-3a21c06464b3', NULL, 'assistant', 'comparison', '两款中型纯电SUV对决，核心差异在于价格门槛、续航实力与补能效率，尤其需关注「无家充」场景下的使用便利性。

**比较重点**
- 补能条件：家充受限

**维度对比**
- **价格**：A — 小鹏 G6：约19.99万起，入门门槛更低，同续航版本价差可达4–5万元；B — 特斯拉 Model Y：约24.99万起，品牌溢价明显，后期保值率通常更优
- **续航/能耗**：A — 小鹏 G6：CLTC最高约755km，基于800V高压SiC平台，快充功率高，公共桩30%-80%用时短，对无家充用户更友好；B — 特斯拉 Model Y：CLTC约554–688km，能耗控制优秀，但充电速度相对保守；特斯拉超充网络覆盖广、体验稳定，可弥补部分家充缺失
- **智能化**：A — 小鹏 G6：城市/高速NGP领航辅助在国内城市覆盖度高，语音座舱生态本土化程度高，支持多样泊车场景；B — 特斯拉 Model Y：Autopilot高速场景稳定可靠，FSD国内功能尚未完全落地，车机流畅但本土化应用较少
- **空间/舒适**：A — 小鹏 G6：后排腿部空间充裕，座椅填充偏软，后备箱容积中等，适合家庭长途出行；B — 特斯拉 Model Y：溜背造型导致后排头部空间略局促，座椅偏硬但前排支撑性好，前备箱+后备箱组合实用性强

**建议下一步**
1. 如果你重视智驾和座舱，优先去试驾 小鹏 G6 与 特斯拉 Model Y
2. 把最在意的 2-3 个维度单独拎出来确认，不要一次比较过多信息
3. 继续补充：最重要的比较场景

**推荐结论**
无家充场景下，小鹏 G6 凭借更长续航、800V高压快充和更低入手成本，更适合预算敏感且依赖公共充电的用户；特斯拉 Model Y 则适合看重品牌保值、依赖超充网络覆盖、对辅助驾驶有全球同步升级期待的消费者。', NULL, NULL, '{"importedFrom":"sessions.json","order":1}'::jsonb, '2026-03-25T17:23:21.597Z');
INSERT INTO messages (id, session_id, request_id, role, mode, content, structured, agent, metadata, created_at) VALUES ('ffbdb797-22be-4454-9d03-1560b66081bb', '18f3cc54-ad86-4f7c-aea2-dc39d711b208', NULL, 'user', 'recommendation', '我预算25万，人在广州，通勤为主，周末偶尔自驾，想要智能化强一些', NULL, NULL, '{"importedFrom":"sessions.json","order":0}'::jsonb, '2026-03-25T17:23:02.587Z');
INSERT INTO messages (id, session_id, request_id, role, mode, content, structured, agent, metadata, created_at) VALUES ('f7a89e50-4654-490b-901b-6cd24fa9a11d', '18f3cc54-ad86-4f7c-aea2-dc39d711b208', NULL, 'assistant', 'recommendation', '25万预算在广州选智能化强的纯电车型，建议优先关注智驾系统的实际可用性与补能便利性。以下价格与续航仅供参考，请以品牌官网及当地经销商当日公示为准。

**Agent 理解**
预算 25万；城市 广州；关注点 ADAS / Value；场景 CityCommute / RoadTrip

**当前判断依据**
- 预算约束：25万
- 核心场景：CityCommute / RoadTrip
- 重点诉求：ADAS / Value

**小鹏 G6**
- 价格：约19.99万起（具体以官网/门店为准）
- 续航：CLTC 最高约755km（视配置）
- 智能化：高（城市/高速智驾与座舱生态）
推荐理由：
- XNGP城市智驾在广州主城区覆盖度高，通勤场景可用性强
- 800V高压SiC平台，配合小鹏自营超充站，补能效率较高
- 中型SUV车身形式，后备厢容积适合周末自驾装载

**特斯拉 Model 3**
- 价格：约23.19万起（具体以官网/门店为准）
- 续航：CLTC 常见约606–713km（视配置）
- 智能化：高
推荐理由：
- Autopilot基础版标配，加购EAP后高速智驾成熟度经大规模验证
- 广州及珠三角超充网络密度高，长途自驾补能规划相对省心
- 品牌保值率与二手车流通性在纯电轿车中表现稳健

**极氪 007**
- 价格：约20.99万起（具体以官网/门店为准）
- 续航：CLTC 常见约616–870km级（视配置）
- 智能化：高
推荐理由：
- 最高CLTC续航可达870km级别，周末长途自驾焦虑较低
- 搭载高通8295座舱芯片与Orin-X智驾芯片，算力冗余充足
- 起步价进入20万区间，同预算下可兼顾续航与配置平衡

**对比建议**
三款取舍逻辑：1）常跑高速且看重城市NOA落地进度，优先试驾小鹏G6（广州为小鹏大本营，OTA推送通常较快）；2）重视品牌成熟度与超充网络，倾向特斯拉Model 3，但需注意其智驾完整功能需额外付费；3）追求极限续航与性价比，极氪007后驱长续航版在25万内即可拿下，但需确认当地极氪家充及第三方充电兼容性是否满足日常通勤。

**还缺哪些信息**
- 是否能装家充

**建议下一步**
1. 先把 G6 和 汉EV 做一次深度对比
2. 继续补充：是否能装家充
3. 确定 1-2 台重点候选后，再决定是否预约试驾和询价

**总结**
25万预算在广州选智驾强的纯电，建议优先试驾小鹏G6与特斯拉Model 3，确认城市NOA与高速NOA的实际体验差异后再做决策。', NULL, NULL, '{"importedFrom":"sessions.json","order":1}'::jsonb, '2026-03-25T17:23:02.587Z');
INSERT INTO messages (id, session_id, request_id, role, mode, content, structured, agent, metadata, created_at) VALUES ('b09533eb-4b5d-4323-b14d-91b4fd39ff80', '6be08ddf-c440-4ed1-ad21-2382b235bcf2', NULL, 'user', 'recommendation', '我预算18万左右，在广州，主要城市通勤，想要智能化好的SUV', NULL, NULL, '{"importedFrom":"sessions.json","order":0}'::jsonb, '2026-03-25T17:03:28.266Z');
INSERT INTO messages (id, session_id, request_id, role, mode, content, structured, agent, metadata, created_at) VALUES ('8e09c58f-a7c2-480c-a969-352b184f1026', '6be08ddf-c440-4ed1-ad21-2382b235bcf2', NULL, 'assistant', 'recommendation', '在广州选18万级智能化SUV，可重点看纯电与增程方案。以下价格、续航及权益请以品牌官网及广州当地经销商当日公示为准，建议到店实车体验智驾功能后再做决定。

**Agent 理解**
预算 18万左右；城市 广州；车型偏好 SUV；关注点 ADAS / Value；场景 CityCommute

**当前判断依据**
- 预算约束：18万左右
- 核心场景：CityCommute
- 重点诉求：ADAS / Value
- 车型偏好：SUV

**小鹏 G6**
- 价格：约19.99万起（具体以官网/门店为准），18万预算可考虑入门版或关注限时权益
- 续航：CLTC 最高约755km（视配置），入门版续航约580km级
- 智能化：高，支持城市/高速NGP领航辅助与全场景语音座舱
推荐理由：
- 智驾能力突出：基于XNGP系统在广州城区可实现点到点辅助驾驶，通勤场景覆盖度高
- 800V高压平台：充电10分钟续航增加约300km，适合广州快节奏城市通勤
- 地缘服务优势：小鹏总部及主要服务中心位于广州天河，售后与OTA响应更便利

**深蓝 S07**
- 价格：约14.99万起（具体以官网/门店为准），18万预算可上高配或智驾版
- 续航：因动力形式与配置差异大，纯电版CLTC常见约520–620km（以官网为准）
- 智能化：中高，部分配置搭载华为乾崑智驾ADS SE，支持高速领航与智能泊车
推荐理由：
- 华为智驾可选：18万价位可触及华为ADS SE方案，高速领航与城区记忆泊车成熟度较高
- 增程/纯电双动力：若广州住处充电条件有限，增程版可油可电，消除里程焦虑
- 配置均衡：无框车门、AR-HUD、前排零重力座椅等配置在同级中性价比突出

**零跑 C11**
- 价格：约14.88万起（具体以官网/门店为准），18万预算可直接上高配智驾版
- 续航：因动力形式与配置差异大，纯电版CLTC常见约515–580km（以官网为准）
- 智能化：中高，配备Leapmotor Pilot系统，支持高速NAP领航与自动泊车
推荐理由：
- 性价比突出：18万可购入纯电或增程高配，空间（轴距2930mm）与配置（三联屏、Nappa真皮）越级
- 增程方案灵活：若日常通勤距离短且充电便利，增程版纯电续航约200-300km，可大幅降低使用成本
- 智驾实用：高速NAP功能覆盖广州周边城际出行，自动泊车对狭窄车位支持较好

**对比建议**
若智驾优先级最高且预算可小幅上浮，小鹏G6的城市NGP在广州城区道路覆盖更全，800V快充也减少等待时间；若严格卡18万落地且希望兼顾华为生态，深蓝S07的华为乾崑智驾版是均衡之选；若追求大空间与极致性价比，零跑C11用更低价格提供更大车身与丰富配置，但智驾成熟度略低于前两者。建议优先试驾小鹏G6与深蓝S07的智驾功能，对比高速与城区场景的实际表现。

**还缺哪些信息**
- 是否能装家充

**建议下一步**
1. 先把 G6 和 C11 做一次深度对比
2. 如果准备线下体验，可优先去 小鹏汽车广州总部体验中心
3. 继续补充：是否能装家充
4. 确定 1-2 台重点候选后，再决定是否预约试驾和询价

**总结**
在广州通勤，优先试驾小鹏G6（智驾上限高）与深蓝S07（华为智驾性价比），若预算敏感则零跑C11是大空间务实之选，最终价格以广州门店当日政策为准。', NULL, NULL, '{"importedFrom":"sessions.json","order":1}'::jsonb, '2026-03-25T17:03:28.266Z');
INSERT INTO messages (id, session_id, request_id, role, mode, content, structured, agent, metadata, created_at) VALUES ('81268b8d-ae74-40df-8567-dd2f8c6c9721', '90e1b8e7-d5b8-4805-89dc-7a01af92cd2b', NULL, 'user', 'recommendation', '我预算18万左右，在广州，主要城市通勤，想要智能化好的SUV', NULL, NULL, '{"importedFrom":"sessions.json","order":0}'::jsonb, '2026-03-25T17:02:50.732Z');
INSERT INTO messages (id, session_id, request_id, role, mode, content, structured, agent, metadata, created_at) VALUES ('b1c2cb40-d99c-44d1-bab4-faea84060381', '90e1b8e7-d5b8-4805-89dc-7a01af92cd2b', NULL, 'assistant', 'recommendation', '根据您18万左右预算及广州城市通勤需求，以下三款SUV在智能化与实用性上各有侧重。具体价格、权益及库存请以品牌官网及广州当地经销商当日公示为准。

**Agent 理解**
预算 18万左右；城市 广州；车型偏好 SUV；关注点 ADAS / Value；场景 CityCommute

**当前判断依据**
- 预算约束：18万左右
- 核心场景：CityCommute
- 重点诉求：ADAS / Value
- 车型偏好：SUV

**小鹏 G6**
- 价格：约19.99万起（具体以官网/门店为准）
- 续航：CLTC 最高约755km（视配置）
- 智能化：高（城市/高速智驾与座舱生态）
推荐理由：
- XNGP城市智驾在广州核心城区覆盖度高，支持红绿灯启停及无保护左转等城市场景
- 800V高压SiC平台充电效率高，小鹏总部及广州交付服务中心密集，售后便利
- 注意：起售价略高于18万预算，建议关注终端限时权益或金融方案

**零跑 C11**
- 价格：约14.88万起（具体以官网/门店为准）
- 续航：因动力形式与配置差异大（以官网为准）
- 智能化：中高
推荐理由：
- 提供纯电与增程双动力，增程版可电可油，预算内可上高配车型
- Leapmotor Pilot支持L2级辅助驾驶及自动泊车，车机搭载8295芯片（视配置）
- 轴距2930mm，后排腿部空间优于同级，广州地区有交付中心

**深蓝 S07**
- 价格：约14.99万起（具体以官网/门店为准）
- 续航：因动力形式与配置差异大（以官网为准）
- 智能化：中高
推荐理由：
- 部分配置提供华为乾崑智驾方案，支持高速领航辅助与智能泊车
- 无框车门与年轻化设计，提供增程/纯电可选，适合城市通勤为主偶尔长途
- 价格留有冗余，18万预算可覆盖中高配，配置性价比突出

**对比建议**
严格卡18万落地：优先零跑C11纯电版或深蓝S07增程中配，两者价格冗余充足且配置完备。预算可上浮至20万级且看重城区智驾：小鹏G6的XNGP城市导航辅助驾驶能力领先，广州本地使用场景覆盖完整。动力形式：零跑与深蓝均有增程选项，适合充电条件一般或偶尔长途用户；G6为纯电，适合有家充或便利快充条件的用户。

**还缺哪些信息**
- 是否能装家充

**建议下一步**
1. 先把 G6 和 C11 做一次深度对比
2. 如果准备线下体验，可优先去 小鹏汽车广州总部体验中心
3. 继续补充：是否能装家充
4. 确定 1-2 台重点候选后，再决定是否预约试驾和询价

**总结**
18万预算内零跑C11与深蓝S07性价比突出，若愿加一点预算追求城区高阶智驾可考虑小鹏G6，建议优先试驾对比车机流畅度与后排空间。', NULL, NULL, '{"importedFrom":"sessions.json","order":1}'::jsonb, '2026-03-25T17:02:50.732Z');
INSERT INTO messages (id, session_id, request_id, role, mode, content, structured, agent, metadata, created_at) VALUES ('50fadd5c-71e1-4046-b022-2061ed5d1bfc', '434fe7df-e18f-4e47-ad50-81fc42432e97', NULL, 'user', 'recommendation', '我预算18万左右，在广州，主要城市通勤，想要智能化好的SUV', NULL, NULL, '{"importedFrom":"sessions.json","order":0}'::jsonb, '2026-03-25T16:57:20.949Z');
INSERT INTO messages (id, session_id, request_id, role, mode, content, structured, agent, metadata, created_at) VALUES ('0dbb0a33-9e4b-450d-a8e1-bd880858c45e', '434fe7df-e18f-4e47-ad50-81fc42432e97', NULL, 'assistant', 'recommendation', '广州是小鹏汽车总部所在地，智驾基建与售后网络相对完善。18万级预算想买智能化好的纯电/新能源SUV，主流选择集中在15-20万区间，以下三款在智驾或座舱体验上各有侧重，具体权益与落地价请以品牌官网及广州当地经销商当日公示为准。

**Agent 理解**
预算 18万左右；城市 广州；车型偏好 SUV；关注点 ADAS / Value；场景 CityCommute

**当前判断依据**
- 预算约束：18万左右
- 核心场景：CityCommute
- 重点诉求：ADAS / Value
- 车型偏好：SUV

**小鹏 G6**
- 价格：约19.99万起（具体以官网/门店为准）
- 续航：CLTC 最高约755km（视配置）
- 智能化：高（城市/高速智驾与座舱生态）
推荐理由：
- XNGP城市智驾在广州覆盖度高，支持无图城市NOA，通勤场景下可减少驾驶疲劳
- 全域800V高压平台，充电效率优于同价位400V架构
- 小鹏总部在广州，本地售后与OTA响应相对便利

**零跑 C11**
- 价格：约14.88万起（具体以官网/门店为准）
- 续航：因动力形式与配置差异大（以官网为准）
- 智能化：中高
推荐理由：
- 预算内可上高配，纯电/增程双动力可选，增程版适合偶尔长途出行
- Leapmotor OS座舱支持连续语音交互，基础L2+辅助驾驶功能完整
- 轴距2930mm，后排空间在同价位纯电SUV中占优

**深蓝 S07**
- 价格：约14.99万起（具体以官网/门店为准）
- 续航：因动力形式与配置差异大（以官网为准）
- 智能化：中高
推荐理由：
- 华为乾崑智驾可选（视配置），在18万级提供高速NOA与智能泊车
- 增程/纯电双路线，增程版纯电续航约215km，城市通勤可纯电行驶
- 无框车门+AR-HUD，座舱科技感知较强

**对比建议**
智驾优先级最高且预算可小幅上浮：首选小鹏G6，其城市NOA在广州的开放程度与稳定性目前处于第一梯队；若严格卡18万落地且要空间实用性：零跑C11性价比突出，增程版可消除里程焦虑；若看重华为系智驾生态与增程灵活性：深蓝S07值得对比试驾。建议重点体验三车的城市拥堵跟车与泊车场景，感受决策逻辑差异。

**还缺哪些信息**
- 是否能装家充

**建议下一步**
1. 先把 G6 和 C11 做一次深度对比
2. 如果准备线下体验，可优先去 小鹏汽车广州总部体验中心
3. 继续补充：是否能装家充
4. 确定 1-2 台重点候选后，再决定是否预约试驾和询价

**总结**
18万级广州通勤SUV，要智驾选小鹏G6（预算略超但值得看），要均衡大空间选零跑C11，要华为智驾与增程选深蓝S07，均建议到店实测城市NOA与泊车表现。', NULL, NULL, '{"importedFrom":"sessions.json","order":1}'::jsonb, '2026-03-25T16:57:20.949Z');
INSERT INTO messages (id, session_id, request_id, role, mode, content, structured, agent, metadata, created_at) VALUES ('37849744-f3f2-428e-b9c5-0e333d719344', 'db7df78d-17a6-4a1a-a121-e8fa42d488a9', NULL, 'user', 'comparison', '小鹏 G6 和 特斯拉 Model Y 怎么选，我没有家充，周末会跑高速', NULL, NULL, '{"importedFrom":"sessions.json","order":0}'::jsonb, '2026-03-25T16:57:15.425Z');
INSERT INTO messages (id, session_id, request_id, role, mode, content, structured, agent, metadata, created_at) VALUES ('58c9e77f-ddea-4c88-bfff-f382061db97f', 'db7df78d-17a6-4a1a-a121-e8fa42d488a9', NULL, 'assistant', 'comparison', '两款中型纯电 SUV 的核心差异在于入手门槛、续航上限与补能策略，无家充且周末跑高速需重点权衡「单次续航冗余」与「公共补能效率」。

**比较重点**
- 核心场景：RoadTrip
- 补能条件：家充受限

**维度对比**
- **价格**：A — 小鹏 G6 约 19.99 万起，入门门槛更低，同预算可上更高续航或智驾版本；B — 特斯拉 Model Y 约 24.99 万起，价差约 5 万元，品牌保值率与二手流通性相对占优
- **续航/能耗**：A — CLTC 最高约 755 km，800V 高压平台快充功率高，无家充时「续航长+补电快」可降低高速服务区排队焦虑；B — CLTC 约 554–688 km，实际高速续航折扣与 G6 相近，超充网络覆盖密集但峰值功率略低于 800V 车型
- **智能化**：A — 高速/城市智驾与座舱生态体验成熟，高速 NGP 可减轻长途驾驶疲劳；B — Autopilot/FSD 基础体验稳定，车机交互简洁，OTA 更新频率高
- **空间/舒适**：A — 纯电平台轴距可观，后排腿部与后备厢空间适合周末短途出游装载；B — Model Y 溜背造型牺牲部分垂直高度，但前备厢+后备厢组合灵活，露营模式生态丰富

**建议下一步**
1. 如果你重视智驾和座舱，优先去试驾 小鹏 G6 与 特斯拉 Model Y
2. 把最在意的 2-3 个维度单独拎出来确认，不要一次比较过多信息

**推荐结论**
无家充且周末高速为主：若预算在 20–23 万、看重「长续航+快充速度」以降低公共桩依赖，选小鹏 G6；若预算充足至 25 万+、更看重品牌、超充网络覆盖或后续保值，选 Model Y。建议实地体验两车后排舒适度及各自 APP 中常用高速服务区的充电桩实时状态。', NULL, NULL, '{"importedFrom":"sessions.json","order":1}'::jsonb, '2026-03-25T16:57:15.425Z');
INSERT INTO messages (id, session_id, request_id, role, mode, content, structured, agent, metadata, created_at) VALUES ('974fe277-5831-4e01-bf89-86095febb6b3', '4f112d2e-9201-43af-9a47-20fdf98dbc98', NULL, 'user', 'service', '冬天续航掉得很快，平时通勤和周末近郊用车该怎么处理', NULL, NULL, '{"importedFrom":"sessions.json","order":0}'::jsonb, '2026-03-25T16:57:08.075Z');
INSERT INTO messages (id, session_id, request_id, role, mode, content, structured, agent, metadata, created_at) VALUES ('2aac7f35-8d10-4cf5-bb94-f8d0c4eac006', '4f112d2e-9201-43af-9a47-20fdf98dbc98', NULL, 'assistant', 'service', '**冬季续航衰减应对方案**

冬季续航下降常见，核心是预热、胎压、空调策略和充电习惯。

**操作步骤**
1. 出发前远程开启电池预热和空调（插电状态下），利用充电桩电力而非电池电力完成热车
2. 将胎压补充至厂家建议值的上限（通常2.5-2.7bar），低温胎压每下降0.1bar约增加3%滚动阻力
3. 空调设置调整为22℃+内循环，优先开启座椅加热和方向盘加热替代高功率暖风
4. 通勤规划保留30%以上冗余电量，周末近郊出行前将电量充至80%-90%，避免低温低电量状态停放
5. 驾驶时避免急加速，保持60-80km/h经济时速，利用动能回收替代机械刹车

**注意事项**
- 若表显续航与实际行驶里程偏差超过40%，或出现突然跳电现象，建议联系官方客服或到店检查电池健康度
- 极寒地区（-10℃以下）续航下降可达30%-50%，建议以最近三次满电实际行驶里程为基准重新估算
- 长期停放时保持电量在50%以上，避免露天低温过夜停放导致电池活性下降

**建议尽快联系官方/到店的情况**
- 如果重复出现异常或影响正常驾驶，建议联系官方售后进一步检查

**建议下一步**
1. 冬天每天通勤 60 公里，怎么把电耗降下来
2. 帮我做一个冬季长途补能建议
3. 哪类车在低温场景更省心

冬季续航管理核心是用好''外接电源预热''和''座舱加热替代空调''两招，能显著减少电池自身耗电。', NULL, NULL, '{"importedFrom":"sessions.json","order":1}'::jsonb, '2026-03-25T16:57:08.075Z');

-- leads: 24 rows
INSERT INTO leads (id, session_id, request_id, source, name, phone, preferred_time, car_model, remark, purchase_stage, buy_timeline, privacy_consent, contact_consent, user_city, user_lat, user_lng, inferred_brand, assigned_store_id, assigned_store_name, assigned_store_city, routing_method, distance_km, driving_duration_min, lead_score, lead_stage, lead_priority, next_best_actions, score_reasons, assigned_advisor, crm_payload, crm_sync, versions, metadata, created_at, updated_at) VALUES ('ccccc7ef-2323-4c48-b408-e62523b829b6', NULL, NULL, 'xpeng-car-ai-web', '张浩帅', '15022090890', NULL, '小鹏G6', NULL, NULL, NULL, FALSE, FALSE, NULL, 39.08077015037511, 117.64199634437482, '小鹏', 'xp-bj-chaoyang', '小鹏汽车北京朝阳体验中心', NULL, 'amap_driving', 149.5, 148, NULL, NULL, NULL, '[]'::jsonb, '[]'::jsonb, NULL, NULL, NULL, '{}'::jsonb, '{"importedFrom":"leads.jsonl"}'::jsonb, '2026-03-25T09:23:35.870Z', '2026-03-25T09:23:35.870Z');
INSERT INTO leads (id, session_id, request_id, source, name, phone, preferred_time, car_model, remark, purchase_stage, buy_timeline, privacy_consent, contact_consent, user_city, user_lat, user_lng, inferred_brand, assigned_store_id, assigned_store_name, assigned_store_city, routing_method, distance_km, driving_duration_min, lead_score, lead_stage, lead_priority, next_best_actions, score_reasons, assigned_advisor, crm_payload, crm_sync, versions, metadata, created_at, updated_at) VALUES ('1e255096-4cef-45e0-9ff8-b7eef704ee61', NULL, NULL, 'xpeng-car-ai-web', '??', '13800138000', NULL, '?? G6', NULL, NULL, NULL, TRUE, TRUE, '??', NULL, NULL, '小鹏', 'xp-gz-hq-tech', '小鹏汽车广州总部体验中心', NULL, 'fallback_city', NULL, NULL, NULL, NULL, NULL, '[]'::jsonb, '[]'::jsonb, NULL, NULL, NULL, '{}'::jsonb, '{"importedFrom":"leads.jsonl"}'::jsonb, '2026-03-25T12:22:58.334Z', '2026-03-25T12:22:58.334Z');
INSERT INTO leads (id, session_id, request_id, source, name, phone, preferred_time, car_model, remark, purchase_stage, buy_timeline, privacy_consent, contact_consent, user_city, user_lat, user_lng, inferred_brand, assigned_store_id, assigned_store_name, assigned_store_city, routing_method, distance_km, driving_duration_min, lead_score, lead_stage, lead_priority, next_best_actions, score_reasons, assigned_advisor, crm_payload, crm_sync, versions, metadata, created_at, updated_at) VALUES ('bd15830e-41ee-4a2e-87df-90b6da474a88', NULL, NULL, 'xpeng-car-ai-web', '张浩帅', '15022090890', NULL, '小鹏G6', NULL, NULL, NULL, FALSE, FALSE, NULL, 39.06441116666666, 117.64201883333332, '小鹏', 'xp-bj-chaoyang', '小鹏汽车北京朝阳体验中心', NULL, 'amap_driving', 150.1, 112, NULL, NULL, NULL, '[]'::jsonb, '[]'::jsonb, NULL, NULL, NULL, '{}'::jsonb, '{"importedFrom":"leads.jsonl"}'::jsonb, '2026-03-25T14:03:58.113Z', '2026-03-25T14:03:58.113Z');
INSERT INTO leads (id, session_id, request_id, source, name, phone, preferred_time, car_model, remark, purchase_stage, buy_timeline, privacy_consent, contact_consent, user_city, user_lat, user_lng, inferred_brand, assigned_store_id, assigned_store_name, assigned_store_city, routing_method, distance_km, driving_duration_min, lead_score, lead_stage, lead_priority, next_best_actions, score_reasons, assigned_advisor, crm_payload, crm_sync, versions, metadata, created_at, updated_at) VALUES ('4c96dd57-7e6d-4f55-b2a7-9d432e0f4949', NULL, NULL, 'xpeng-car-ai-web', '张三', '13800138000', NULL, '小鹏 G6', NULL, NULL, NULL, TRUE, TRUE, '广州', NULL, NULL, '小鹏', 'xp-gz-hq-tech', '小鹏汽车广州总部体验中心', NULL, 'city', NULL, NULL, NULL, NULL, NULL, '[]'::jsonb, '[]'::jsonb, NULL, NULL, NULL, '{}'::jsonb, '{"importedFrom":"leads.jsonl"}'::jsonb, '2026-03-25T15:22:51.962Z', '2026-03-25T15:22:51.962Z');
INSERT INTO leads (id, session_id, request_id, source, name, phone, preferred_time, car_model, remark, purchase_stage, buy_timeline, privacy_consent, contact_consent, user_city, user_lat, user_lng, inferred_brand, assigned_store_id, assigned_store_name, assigned_store_city, routing_method, distance_km, driving_duration_min, lead_score, lead_stage, lead_priority, next_best_actions, score_reasons, assigned_advisor, crm_payload, crm_sync, versions, metadata, created_at, updated_at) VALUES ('99f664a3-1fc8-40bf-955a-e35563347f73', NULL, NULL, 'xpeng-car-ai-web', '张三', '13800138000', NULL, '小鹏 G6', NULL, NULL, NULL, TRUE, TRUE, '广州', NULL, NULL, '小鹏', 'xp-gz-hq-tech', '小鹏汽车广州总部体验中心', NULL, 'city', NULL, NULL, NULL, NULL, NULL, '[]'::jsonb, '[]'::jsonb, NULL, NULL, NULL, '{}'::jsonb, '{"importedFrom":"leads.jsonl"}'::jsonb, '2026-03-25T16:28:27.125Z', '2026-03-25T16:28:27.125Z');
INSERT INTO leads (id, session_id, request_id, source, name, phone, preferred_time, car_model, remark, purchase_stage, buy_timeline, privacy_consent, contact_consent, user_city, user_lat, user_lng, inferred_brand, assigned_store_id, assigned_store_name, assigned_store_city, routing_method, distance_km, driving_duration_min, lead_score, lead_stage, lead_priority, next_best_actions, score_reasons, assigned_advisor, crm_payload, crm_sync, versions, metadata, created_at, updated_at) VALUES ('f6ed4716-53cf-4482-aa4d-8942e2bfaf8d', NULL, NULL, 'xpeng-car-ai-web', '??', '13800138000', NULL, '?? G6', NULL, NULL, NULL, TRUE, TRUE, '??', NULL, NULL, '小鹏', 'xp-gz-hq-tech', '小鹏汽车广州总部体验中心', NULL, 'fallback_city', NULL, NULL, NULL, NULL, NULL, '[]'::jsonb, '[]'::jsonb, NULL, NULL, NULL, '{}'::jsonb, '{"importedFrom":"leads.jsonl"}'::jsonb, '2026-03-25T17:27:29.074Z', '2026-03-25T17:27:29.074Z');
INSERT INTO leads (id, session_id, request_id, source, name, phone, preferred_time, car_model, remark, purchase_stage, buy_timeline, privacy_consent, contact_consent, user_city, user_lat, user_lng, inferred_brand, assigned_store_id, assigned_store_name, assigned_store_city, routing_method, distance_km, driving_duration_min, lead_score, lead_stage, lead_priority, next_best_actions, score_reasons, assigned_advisor, crm_payload, crm_sync, versions, metadata, created_at, updated_at) VALUES ('0ba1beed-e5a8-4402-8e1e-e794262be1ee', NULL, NULL, 'xpeng-car-ai-web', '张三', '13800138000', NULL, '小鹏 G6', NULL, NULL, NULL, TRUE, TRUE, '广州', NULL, NULL, '小鹏', 'xp-gz-hq-tech', '小鹏汽车广州总部体验中心', NULL, 'city', NULL, NULL, NULL, NULL, NULL, '[]'::jsonb, '[]'::jsonb, NULL, NULL, NULL, '{}'::jsonb, '{"importedFrom":"leads.jsonl"}'::jsonb, '2026-03-25T17:30:41.111Z', '2026-03-25T17:30:41.111Z');
INSERT INTO leads (id, session_id, request_id, source, name, phone, preferred_time, car_model, remark, purchase_stage, buy_timeline, privacy_consent, contact_consent, user_city, user_lat, user_lng, inferred_brand, assigned_store_id, assigned_store_name, assigned_store_city, routing_method, distance_km, driving_duration_min, lead_score, lead_stage, lead_priority, next_best_actions, score_reasons, assigned_advisor, crm_payload, crm_sync, versions, metadata, created_at, updated_at) VALUES ('537ef0aa-d238-4889-849c-3fc3b9290f66', NULL, NULL, 'xpeng-car-ai-web', '??', '13800138000', NULL, '?? G6', NULL, NULL, NULL, TRUE, TRUE, '??', NULL, NULL, '小鹏', 'xp-gz-hq-tech', '小鹏汽车广州总部体验中心', NULL, 'fallback_city', NULL, NULL, NULL, NULL, NULL, '[]'::jsonb, '[]'::jsonb, NULL, NULL, NULL, '{}'::jsonb, '{"importedFrom":"leads.jsonl"}'::jsonb, '2026-03-25T17:31:14.594Z', '2026-03-25T17:31:14.594Z');
INSERT INTO leads (id, session_id, request_id, source, name, phone, preferred_time, car_model, remark, purchase_stage, buy_timeline, privacy_consent, contact_consent, user_city, user_lat, user_lng, inferred_brand, assigned_store_id, assigned_store_name, assigned_store_city, routing_method, distance_km, driving_duration_min, lead_score, lead_stage, lead_priority, next_best_actions, score_reasons, assigned_advisor, crm_payload, crm_sync, versions, metadata, created_at, updated_at) VALUES ('c4ee998c-01cb-4787-ada2-6d7727031b3b', NULL, NULL, 'xpeng-car-ai-web', '张三', '13800138000', NULL, '小鹏 G6', NULL, NULL, NULL, TRUE, TRUE, '广州', NULL, NULL, '小鹏', 'xp-gz-hq-tech', '小鹏汽车广州总部体验中心', NULL, 'city', NULL, NULL, NULL, NULL, NULL, '[]'::jsonb, '[]'::jsonb, NULL, NULL, NULL, '{}'::jsonb, '{"importedFrom":"leads.jsonl"}'::jsonb, '2026-03-25T17:37:38.274Z', '2026-03-25T17:37:38.274Z');
INSERT INTO leads (id, session_id, request_id, source, name, phone, preferred_time, car_model, remark, purchase_stage, buy_timeline, privacy_consent, contact_consent, user_city, user_lat, user_lng, inferred_brand, assigned_store_id, assigned_store_name, assigned_store_city, routing_method, distance_km, driving_duration_min, lead_score, lead_stage, lead_priority, next_best_actions, score_reasons, assigned_advisor, crm_payload, crm_sync, versions, metadata, created_at, updated_at) VALUES ('5251f28e-7fcf-43f5-b916-2184ec98c336', NULL, NULL, 'xpeng-car-ai-web', '张三', '13800138000', NULL, '小鹏 G6', NULL, NULL, NULL, TRUE, TRUE, '广州', NULL, NULL, '小鹏', 'xp-gz-hq-tech', '小鹏汽车广州总部体验中心', NULL, 'city', NULL, NULL, NULL, NULL, NULL, '[]'::jsonb, '[]'::jsonb, NULL, NULL, NULL, '{}'::jsonb, '{"importedFrom":"leads.jsonl"}'::jsonb, '2026-03-25T18:04:39.424Z', '2026-03-25T18:04:39.424Z');
INSERT INTO leads (id, session_id, request_id, source, name, phone, preferred_time, car_model, remark, purchase_stage, buy_timeline, privacy_consent, contact_consent, user_city, user_lat, user_lng, inferred_brand, assigned_store_id, assigned_store_name, assigned_store_city, routing_method, distance_km, driving_duration_min, lead_score, lead_stage, lead_priority, next_best_actions, score_reasons, assigned_advisor, crm_payload, crm_sync, versions, metadata, created_at, updated_at) VALUES ('d44144c0-7487-4fc0-ab6b-58c38bc9ab79', NULL, NULL, 'xpeng-car-ai-web', '张三', '13800138000', NULL, '小鹏 G6', NULL, NULL, NULL, TRUE, TRUE, '广州', NULL, NULL, '小鹏', 'xp-gz-hq-tech', '小鹏汽车广州总部体验中心', NULL, 'city', NULL, NULL, NULL, NULL, NULL, '[]'::jsonb, '[]'::jsonb, NULL, NULL, NULL, '{}'::jsonb, '{"importedFrom":"leads.jsonl"}'::jsonb, '2026-03-25T18:25:51.032Z', '2026-03-25T18:25:51.032Z');
INSERT INTO leads (id, session_id, request_id, source, name, phone, preferred_time, car_model, remark, purchase_stage, buy_timeline, privacy_consent, contact_consent, user_city, user_lat, user_lng, inferred_brand, assigned_store_id, assigned_store_name, assigned_store_city, routing_method, distance_km, driving_duration_min, lead_score, lead_stage, lead_priority, next_best_actions, score_reasons, assigned_advisor, crm_payload, crm_sync, versions, metadata, created_at, updated_at) VALUES ('a8f2b07c-8201-45a5-932b-4d8e13e5bd6f', NULL, NULL, 'xpeng-car-ai-web', '张三', '13800138000', NULL, '小鹏 G6', NULL, NULL, NULL, TRUE, TRUE, '广州', NULL, NULL, '小鹏', 'xp-gz-hq-tech', '小鹏汽车广州总部体验中心', NULL, 'city', NULL, NULL, NULL, NULL, NULL, '[]'::jsonb, '[]'::jsonb, NULL, NULL, NULL, '{}'::jsonb, '{"importedFrom":"leads.jsonl"}'::jsonb, '2026-03-25T18:26:43.279Z', '2026-03-25T18:26:43.279Z');
INSERT INTO leads (id, session_id, request_id, source, name, phone, preferred_time, car_model, remark, purchase_stage, buy_timeline, privacy_consent, contact_consent, user_city, user_lat, user_lng, inferred_brand, assigned_store_id, assigned_store_name, assigned_store_city, routing_method, distance_km, driving_duration_min, lead_score, lead_stage, lead_priority, next_best_actions, score_reasons, assigned_advisor, crm_payload, crm_sync, versions, metadata, created_at, updated_at) VALUES ('29c15eba-95af-46a1-9e57-6744ff48c582', NULL, NULL, 'xpeng-car-ai-web', '张三', '13800138000', NULL, '小鹏 G6', NULL, NULL, NULL, TRUE, TRUE, '广州', NULL, NULL, '小鹏', 'xp-gz-hq-tech', '小鹏汽车广州总部体验中心', NULL, 'city', NULL, NULL, NULL, NULL, NULL, '[]'::jsonb, '[]'::jsonb, NULL, NULL, NULL, '{}'::jsonb, '{"importedFrom":"leads.jsonl"}'::jsonb, '2026-03-25T18:28:02.626Z', '2026-03-25T18:28:02.626Z');
INSERT INTO leads (id, session_id, request_id, source, name, phone, preferred_time, car_model, remark, purchase_stage, buy_timeline, privacy_consent, contact_consent, user_city, user_lat, user_lng, inferred_brand, assigned_store_id, assigned_store_name, assigned_store_city, routing_method, distance_km, driving_duration_min, lead_score, lead_stage, lead_priority, next_best_actions, score_reasons, assigned_advisor, crm_payload, crm_sync, versions, metadata, created_at, updated_at) VALUES ('abf873fb-6150-4e6f-b8ed-f1546b1c372b', NULL, NULL, 'xpeng-car-ai-web', '张三', '13800138000', NULL, '小鹏 G6', NULL, NULL, NULL, TRUE, TRUE, '广州', NULL, NULL, '小鹏', 'xp-gz-hq-tech', '小鹏汽车广州总部体验中心', NULL, 'city', NULL, NULL, NULL, NULL, NULL, '[]'::jsonb, '[]'::jsonb, NULL, NULL, NULL, '{}'::jsonb, '{"importedFrom":"leads.jsonl"}'::jsonb, '2026-03-26T03:02:59.487Z', '2026-03-26T03:02:59.487Z');
INSERT INTO leads (id, session_id, request_id, source, name, phone, preferred_time, car_model, remark, purchase_stage, buy_timeline, privacy_consent, contact_consent, user_city, user_lat, user_lng, inferred_brand, assigned_store_id, assigned_store_name, assigned_store_city, routing_method, distance_km, driving_duration_min, lead_score, lead_stage, lead_priority, next_best_actions, score_reasons, assigned_advisor, crm_payload, crm_sync, versions, metadata, created_at, updated_at) VALUES ('11ac7ca6-082c-46f3-8f04-089dcca41ae3', NULL, NULL, 'xpeng-car-ai-web', '张三', '13800138000', NULL, '小鹏 G6', NULL, NULL, NULL, TRUE, TRUE, '广州', NULL, NULL, '小鹏', 'xp-gz-hq-tech', '小鹏汽车广州总部体验中心', NULL, 'city', NULL, NULL, NULL, NULL, NULL, '[]'::jsonb, '[]'::jsonb, NULL, NULL, NULL, '{}'::jsonb, '{"importedFrom":"leads.jsonl"}'::jsonb, '2026-03-26T03:07:10.383Z', '2026-03-26T03:07:10.383Z');
INSERT INTO leads (id, session_id, request_id, source, name, phone, preferred_time, car_model, remark, purchase_stage, buy_timeline, privacy_consent, contact_consent, user_city, user_lat, user_lng, inferred_brand, assigned_store_id, assigned_store_name, assigned_store_city, routing_method, distance_km, driving_duration_min, lead_score, lead_stage, lead_priority, next_best_actions, score_reasons, assigned_advisor, crm_payload, crm_sync, versions, metadata, created_at, updated_at) VALUES ('7a817e01-7ba7-473e-a1e4-052a10d37be5', NULL, NULL, 'xpeng-car-ai-web', '张三', '13800138000', NULL, '小鹏 G6', NULL, NULL, NULL, TRUE, TRUE, '广州', NULL, NULL, '小鹏', 'xp-gz-hq-tech', '小鹏汽车广州总部体验中心', NULL, 'city', NULL, NULL, NULL, NULL, NULL, '[]'::jsonb, '[]'::jsonb, NULL, NULL, NULL, '{}'::jsonb, '{"importedFrom":"leads.jsonl"}'::jsonb, '2026-03-26T03:08:03.179Z', '2026-03-26T03:08:03.179Z');
INSERT INTO leads (id, session_id, request_id, source, name, phone, preferred_time, car_model, remark, purchase_stage, buy_timeline, privacy_consent, contact_consent, user_city, user_lat, user_lng, inferred_brand, assigned_store_id, assigned_store_name, assigned_store_city, routing_method, distance_km, driving_duration_min, lead_score, lead_stage, lead_priority, next_best_actions, score_reasons, assigned_advisor, crm_payload, crm_sync, versions, metadata, created_at, updated_at) VALUES ('16af3884-896e-4834-b8c3-60450127aadc', NULL, NULL, 'xpeng-car-ai-web', '张浩帅', '15022090890', '本周六', '小鹏G6', NULL, '首次购车', '1 周内', TRUE, TRUE, NULL, 39.064755349909774, 117.64297378005749, '小鹏', 'xp-sh-pudong', '小鹏汽车上海浦东体验中心', NULL, 'amap_driving', 1111.3, 667, NULL, NULL, NULL, '[]'::jsonb, '[]'::jsonb, NULL, NULL, NULL, '{}'::jsonb, '{"importedFrom":"leads.jsonl"}'::jsonb, '2026-03-26T03:09:09.679Z', '2026-03-26T03:09:09.679Z');
INSERT INTO leads (id, session_id, request_id, source, name, phone, preferred_time, car_model, remark, purchase_stage, buy_timeline, privacy_consent, contact_consent, user_city, user_lat, user_lng, inferred_brand, assigned_store_id, assigned_store_name, assigned_store_city, routing_method, distance_km, driving_duration_min, lead_score, lead_stage, lead_priority, next_best_actions, score_reasons, assigned_advisor, crm_payload, crm_sync, versions, metadata, created_at, updated_at) VALUES ('06566776-954e-46de-9652-f83f0e643495', NULL, NULL, 'xpeng-car-ai-web', '张三', '13800138000', NULL, '小鹏 G6', NULL, NULL, NULL, TRUE, TRUE, '广州', NULL, NULL, '小鹏', 'xp-gz-hq-tech', '小鹏汽车广州总部体验中心', NULL, 'city', NULL, NULL, NULL, NULL, NULL, '[]'::jsonb, '[]'::jsonb, NULL, NULL, NULL, '{}'::jsonb, '{"importedFrom":"leads.jsonl"}'::jsonb, '2026-03-26T03:23:32.257Z', '2026-03-26T03:23:32.257Z');
INSERT INTO leads (id, session_id, request_id, source, name, phone, preferred_time, car_model, remark, purchase_stage, buy_timeline, privacy_consent, contact_consent, user_city, user_lat, user_lng, inferred_brand, assigned_store_id, assigned_store_name, assigned_store_city, routing_method, distance_km, driving_duration_min, lead_score, lead_stage, lead_priority, next_best_actions, score_reasons, assigned_advisor, crm_payload, crm_sync, versions, metadata, created_at, updated_at) VALUES ('e240fef7-f6fc-4283-ba89-3163a3b4e539', NULL, NULL, 'xpeng-car-ai-web', '长哈送', '15022090890', '本周六下午', '小鹏G6', NULL, '首次购车', '1 周内', TRUE, TRUE, NULL, 39.06465830120323, 117.64271441878104, '小鹏', 'xp-bj-chaoyang', '小鹏汽车北京朝阳体验中心', NULL, 'amap_driving', 150.2, 141, NULL, NULL, NULL, '[]'::jsonb, '[]'::jsonb, NULL, NULL, NULL, '{}'::jsonb, '{"importedFrom":"leads.jsonl"}'::jsonb, '2026-03-26T08:40:07.178Z', '2026-03-26T08:40:07.178Z');
INSERT INTO leads (id, session_id, request_id, source, name, phone, preferred_time, car_model, remark, purchase_stage, buy_timeline, privacy_consent, contact_consent, user_city, user_lat, user_lng, inferred_brand, assigned_store_id, assigned_store_name, assigned_store_city, routing_method, distance_km, driving_duration_min, lead_score, lead_stage, lead_priority, next_best_actions, score_reasons, assigned_advisor, crm_payload, crm_sync, versions, metadata, created_at, updated_at) VALUES ('7930fc66-5a28-475a-808f-530ecb00e436', NULL, NULL, 'xpeng-car-ai-web', '张三', '13800138000', NULL, '小鹏 G6', NULL, NULL, NULL, TRUE, TRUE, '广州', NULL, NULL, '小鹏', 'xp-gz-hq-tech', '小鹏汽车广州总部体验中心', '广州', 'city', NULL, NULL, 58, 'captured', 'nurture', '["Confirm a preferred arrival or callback time","Nurture with comparison content and configurator follow-up"]'::jsonb, '["intent_model","city_known","contactable","store_matched","timeline_research"]'::jsonb, '{"id":"gz-xp-01","name":"陈顾问","title":"Senior Sales Advisor","team":"Guangzhou Growth","city":"广州","brand":"小鹏","phone":"400-783-6688","channel":"phone","assignmentReason":"matched_by_city_brand"}'::jsonb, '{"payloadVersion":"crm-lead-v1","requestId":"bec98232-8dec-458b-bc45-2b1962dfbb34","externalLeadId":"7930fc66-5a28-475a-808f-530ecb00e436","source":"xpeng-car-ai-web","status":"captured","stage":"captured","priority":"nurture","score":58,"nextBestActions":["Confirm a preferred arrival or callback time","Nurture with comparison content and configurator follow-up"],"customer":{"name":"张三","phone":"13800138000","city":"广州","preferredTime":null},"consent":{"privacyConsent":true,"contactConsent":true},"intent":{"brand":"小鹏","carModel":"小鹏 G6","purchaseStage":null,"buyTimeline":null,"remark":null},"routing":{"method":"city","storeId":"xp-gz-hq-tech","storeName":"小鹏汽车广州总部体验中心","storeCity":"广州","distanceKm":null,"drivingDurationMin":null},"owner":{"advisorId":"gz-xp-01","advisorName":"陈顾问","advisorTeam":"Guangzhou Growth","advisorPhone":"400-783-6688"},"versions":{"agentRelease":"2026.03.26-agent-pm-track-1","promptVersion":"prompt-v2","policyVersion":"policy-v1","evalDatasetVersion":"eval-v1","dataAdapterVersion":"adapter-v1"},"syncReady":true}'::jsonb, NULL, '{"agentRelease":"2026.03.26-agent-pm-track-1","promptVersion":"prompt-v2","policyVersion":"policy-v1","evalDatasetVersion":"eval-v1","dataAdapterVersion":"adapter-v1"}'::jsonb, '{"importedFrom":"leads.jsonl"}'::jsonb, '2026-03-26T12:48:23.885Z', '2026-03-26T12:48:23.885Z');
INSERT INTO leads (id, session_id, request_id, source, name, phone, preferred_time, car_model, remark, purchase_stage, buy_timeline, privacy_consent, contact_consent, user_city, user_lat, user_lng, inferred_brand, assigned_store_id, assigned_store_name, assigned_store_city, routing_method, distance_km, driving_duration_min, lead_score, lead_stage, lead_priority, next_best_actions, score_reasons, assigned_advisor, crm_payload, crm_sync, versions, metadata, created_at, updated_at) VALUES ('31fe5977-3925-4f8a-b18b-49416af7c13c', NULL, NULL, 'xpeng-car-ai-web', 'PM Demo', '13800138001', NULL, '小鹏 G6', '想看智驾和空间', '首次购车', '1 个月内', TRUE, TRUE, '广州', NULL, NULL, '小鹏', 'xp-gz-hq-tech', '小鹏汽车广州总部体验中心', '广州', 'city', NULL, NULL, 78, 'qualified', 'warm', '["Confirm a preferred arrival or callback time","Invite the user to a store or remote consultation"]'::jsonb, '["intent_model","city_known","contactable","store_matched","timeline_short_term","purchase_stage_known"]'::jsonb, '{"id":"gz-xp-01","name":"陈顾问","title":"Senior Sales Advisor","team":"Guangzhou Growth","city":"广州","brand":"小鹏","phone":"400-783-6688","channel":"phone","assignmentReason":"matched_by_city_brand"}'::jsonb, '{"payloadVersion":"crm-lead-v1","requestId":"e6965c65-2800-473e-8633-f0d2d4848a05","externalLeadId":"31fe5977-3925-4f8a-b18b-49416af7c13c","source":"xpeng-car-ai-web","status":"captured","stage":"qualified","priority":"warm","score":78,"nextBestActions":["Confirm a preferred arrival or callback time","Invite the user to a store or remote consultation"],"customer":{"name":"PM Demo","phone":"13800138001","city":"广州","preferredTime":null},"consent":{"privacyConsent":true,"contactConsent":true},"intent":{"brand":"小鹏","carModel":"小鹏 G6","purchaseStage":"首次购车","buyTimeline":"1 个月内","remark":"想看智驾和空间"},"routing":{"method":"city","storeId":"xp-gz-hq-tech","storeName":"小鹏汽车广州总部体验中心","storeCity":"广州","distanceKm":null,"drivingDurationMin":null},"owner":{"advisorId":"gz-xp-01","advisorName":"陈顾问","advisorTeam":"Guangzhou Growth","advisorPhone":"400-783-6688"},"versions":{"agentRelease":"2026.03.26-agent-pm-track-1","promptVersion":"prompt-v2","policyVersion":"policy-v1","evalDatasetVersion":"eval-v1","dataAdapterVersion":"adapter-v1"},"syncReady":true}'::jsonb, NULL, '{"agentRelease":"2026.03.26-agent-pm-track-1","promptVersion":"prompt-v2","policyVersion":"policy-v1","evalDatasetVersion":"eval-v1","dataAdapterVersion":"adapter-v1"}'::jsonb, '{"importedFrom":"leads.jsonl"}'::jsonb, '2026-03-26T16:15:03.227Z', '2026-03-26T16:15:03.227Z');
INSERT INTO leads (id, session_id, request_id, source, name, phone, preferred_time, car_model, remark, purchase_stage, buy_timeline, privacy_consent, contact_consent, user_city, user_lat, user_lng, inferred_brand, assigned_store_id, assigned_store_name, assigned_store_city, routing_method, distance_km, driving_duration_min, lead_score, lead_stage, lead_priority, next_best_actions, score_reasons, assigned_advisor, crm_payload, crm_sync, versions, metadata, created_at, updated_at) VALUES ('da87460d-48a6-4fa8-8509-d8090a98fe80', NULL, NULL, 'xpeng-car-ai-web', '张三', '13800138000', NULL, '小鹏 G6', NULL, NULL, NULL, TRUE, TRUE, '广州', NULL, NULL, '小鹏', 'xp-gz-hq-tech', '小鹏汽车广州总部体验中心', '广州', 'city', NULL, NULL, 58, 'captured', 'nurture', '["Confirm a preferred arrival or callback time","Nurture with comparison content and configurator follow-up"]'::jsonb, '["intent_model","city_known","contactable","store_matched","timeline_research"]'::jsonb, '{"id":"gz-xp-01","name":"陈顾问","title":"Senior Sales Advisor","team":"Guangzhou Growth","city":"广州","brand":"小鹏","phone":"400-783-6688","channel":"phone","assignmentReason":"matched_by_city_brand"}'::jsonb, '{"payloadVersion":"crm-lead-v1","requestId":"29b5e600-cd07-42c5-9225-a6bc39a512cf","externalLeadId":"da87460d-48a6-4fa8-8509-d8090a98fe80","source":"xpeng-car-ai-web","status":"captured","stage":"captured","priority":"nurture","score":58,"nextBestActions":["Confirm a preferred arrival or callback time","Nurture with comparison content and configurator follow-up"],"customer":{"name":"张三","phone":"13800138000","city":"广州","preferredTime":null},"consent":{"privacyConsent":true,"contactConsent":true},"intent":{"brand":"小鹏","carModel":"小鹏 G6","purchaseStage":null,"buyTimeline":null,"remark":null},"routing":{"method":"city","storeId":"xp-gz-hq-tech","storeName":"小鹏汽车广州总部体验中心","storeCity":"广州","distanceKm":null,"drivingDurationMin":null},"owner":{"advisorId":"gz-xp-01","advisorName":"陈顾问","advisorTeam":"Guangzhou Growth","advisorPhone":"400-783-6688"},"versions":{"agentRelease":"2026.03.26-agent-pm-track-1","promptVersion":"prompt-v2","policyVersion":"policy-v1","evalDatasetVersion":"eval-v1","dataAdapterVersion":"adapter-v1"},"syncReady":true}'::jsonb, '{"id":"b48abdc2-0fdf-4498-9c53-9ba4e466a903","status":"queued","attempts":0,"syncEnabled":false,"lastError":null,"lastHttpStatus":null,"lastAttemptAt":null,"nextAttemptAt":"2026-03-26T16:27:51.371Z","syncedAt":null}'::jsonb, '{"agentRelease":"2026.03.26-agent-pm-track-1","promptVersion":"prompt-v2","policyVersion":"policy-v1","evalDatasetVersion":"eval-v1","dataAdapterVersion":"adapter-v1"}'::jsonb, '{"importedFrom":"leads.jsonl"}'::jsonb, '2026-03-26T16:27:51.371Z', '2026-03-26T16:27:51.371Z');
INSERT INTO leads (id, session_id, request_id, source, name, phone, preferred_time, car_model, remark, purchase_stage, buy_timeline, privacy_consent, contact_consent, user_city, user_lat, user_lng, inferred_brand, assigned_store_id, assigned_store_name, assigned_store_city, routing_method, distance_km, driving_duration_min, lead_score, lead_stage, lead_priority, next_best_actions, score_reasons, assigned_advisor, crm_payload, crm_sync, versions, metadata, created_at, updated_at) VALUES ('357d5a47-2924-4485-869b-00960d3ece02', NULL, NULL, 'xpeng-car-ai-web', 'CRM Demo', '13800138009', NULL, '小鹏 G6', NULL, NULL, NULL, TRUE, TRUE, '广州', NULL, NULL, '小鹏', 'xp-gz-hq-tech', '小鹏汽车广州总部体验中心', '广州', 'city', NULL, NULL, 58, 'captured', 'nurture', '["Confirm a preferred arrival or callback time","Nurture with comparison content and configurator follow-up"]'::jsonb, '["intent_model","city_known","contactable","store_matched","timeline_research"]'::jsonb, '{"id":"gz-xp-01","name":"陈顾问","title":"Senior Sales Advisor","team":"Guangzhou Growth","city":"广州","brand":"小鹏","phone":"400-783-6688","channel":"phone","assignmentReason":"matched_by_city_brand"}'::jsonb, '{"payloadVersion":"crm-lead-v1","requestId":"87c50607-00d2-409f-b196-c36779837739","externalLeadId":"357d5a47-2924-4485-869b-00960d3ece02","source":"xpeng-car-ai-web","status":"captured","stage":"captured","priority":"nurture","score":58,"nextBestActions":["Confirm a preferred arrival or callback time","Nurture with comparison content and configurator follow-up"],"customer":{"name":"CRM Demo","phone":"13800138009","city":"广州","preferredTime":null},"consent":{"privacyConsent":true,"contactConsent":true},"intent":{"brand":"小鹏","carModel":"小鹏 G6","purchaseStage":null,"buyTimeline":null,"remark":null},"routing":{"method":"city","storeId":"xp-gz-hq-tech","storeName":"小鹏汽车广州总部体验中心","storeCity":"广州","distanceKm":null,"drivingDurationMin":null},"owner":{"advisorId":"gz-xp-01","advisorName":"陈顾问","advisorTeam":"Guangzhou Growth","advisorPhone":"400-783-6688"},"versions":{"agentRelease":"2026.03.26-agent-pm-track-1","promptVersion":"prompt-v2","policyVersion":"policy-v1","evalDatasetVersion":"eval-v1","dataAdapterVersion":"adapter-v1"},"syncReady":true}'::jsonb, '{"id":"eb0b92a3-7bea-4057-95a2-18687bb74ef4","status":"queued","attempts":0,"syncEnabled":false,"lastError":null,"lastHttpStatus":null,"lastAttemptAt":null,"nextAttemptAt":"2026-03-26T16:29:38.562Z","syncedAt":null}'::jsonb, '{"agentRelease":"2026.03.26-agent-pm-track-1","promptVersion":"prompt-v2","policyVersion":"policy-v1","evalDatasetVersion":"eval-v1","dataAdapterVersion":"adapter-v1"}'::jsonb, '{"importedFrom":"leads.jsonl"}'::jsonb, '2026-03-26T16:29:38.560Z', '2026-03-26T16:29:38.560Z');
INSERT INTO leads (id, session_id, request_id, source, name, phone, preferred_time, car_model, remark, purchase_stage, buy_timeline, privacy_consent, contact_consent, user_city, user_lat, user_lng, inferred_brand, assigned_store_id, assigned_store_name, assigned_store_city, routing_method, distance_km, driving_duration_min, lead_score, lead_stage, lead_priority, next_best_actions, score_reasons, assigned_advisor, crm_payload, crm_sync, versions, metadata, created_at, updated_at) VALUES ('4824c898-024f-4bc5-a3d2-2d3a9ca03790', NULL, NULL, 'xpeng-car-ai-web', '张三', '13800138000', NULL, '小鹏 G6', NULL, NULL, NULL, TRUE, TRUE, '广州', NULL, NULL, '小鹏', 'xp-gz-hq-tech', '小鹏汽车广州总部体验中心', '广州', 'city', NULL, NULL, 58, 'captured', 'nurture', '["Confirm a preferred arrival or callback time","Nurture with comparison content and configurator follow-up"]'::jsonb, '["intent_model","city_known","contactable","store_matched","timeline_research"]'::jsonb, '{"id":"gz-xp-01","name":"陈顾问","title":"Senior Sales Advisor","team":"Guangzhou Growth","city":"广州","brand":"小鹏","phone":"400-783-6688","channel":"phone","assignmentReason":"matched_by_city_brand"}'::jsonb, '{"payloadVersion":"crm-lead-v1","requestId":"925df694-9441-441e-a3d4-7c0536125c82","externalLeadId":"4824c898-024f-4bc5-a3d2-2d3a9ca03790","source":"xpeng-car-ai-web","status":"captured","stage":"captured","priority":"nurture","score":58,"nextBestActions":["Confirm a preferred arrival or callback time","Nurture with comparison content and configurator follow-up"],"customer":{"name":"张三","phone":"13800138000","city":"广州","preferredTime":null},"consent":{"privacyConsent":true,"contactConsent":true},"intent":{"brand":"小鹏","carModel":"小鹏 G6","purchaseStage":null,"buyTimeline":null,"remark":null},"routing":{"method":"city","storeId":"xp-gz-hq-tech","storeName":"小鹏汽车广州总部体验中心","storeCity":"广州","distanceKm":null,"drivingDurationMin":null},"owner":{"advisorId":"gz-xp-01","advisorName":"陈顾问","advisorTeam":"Guangzhou Growth","advisorPhone":"400-783-6688"},"versions":{"agentRelease":"2026.03.26-agent-pm-track-1","promptVersion":"prompt-v2","policyVersion":"policy-v1","evalDatasetVersion":"eval-v1","dataAdapterVersion":"adapter-v1"},"syncReady":true}'::jsonb, '{"id":"fd5a4d45-d384-44ec-9ef7-d4c3e69d30d4","status":"queued","attempts":0,"syncEnabled":false,"lastError":null,"lastHttpStatus":null,"lastAttemptAt":null,"nextAttemptAt":"2026-03-26T16:41:31.059Z","syncedAt":null}'::jsonb, '{"agentRelease":"2026.03.26-agent-pm-track-1","promptVersion":"prompt-v2","policyVersion":"policy-v1","evalDatasetVersion":"eval-v1","dataAdapterVersion":"adapter-v1"}'::jsonb, '{"importedFrom":"leads.jsonl"}'::jsonb, '2026-03-26T16:41:31.059Z', '2026-03-26T16:41:31.059Z');

-- lead_events: 24 rows
INSERT INTO lead_events (id, lead_id, event_type, event_status, payload, created_at) VALUES ('b1b7f8c7-b7e2-4e02-9cd9-3470a3bb0745', 'ccccc7ef-2323-4c48-b408-e62523b829b6', 'lead_imported', 'captured', '{"routingMethod":"amap_driving","assignedStoreId":"xp-bj-chaoyang"}'::jsonb, '2026-03-25T09:23:35.870Z');
INSERT INTO lead_events (id, lead_id, event_type, event_status, payload, created_at) VALUES ('5bf95712-65b6-4d13-8c1b-6bf6c31e860f', '1e255096-4cef-45e0-9ff8-b7eef704ee61', 'lead_imported', 'captured', '{"routingMethod":"fallback_city","assignedStoreId":"xp-gz-hq-tech"}'::jsonb, '2026-03-25T12:22:58.334Z');
INSERT INTO lead_events (id, lead_id, event_type, event_status, payload, created_at) VALUES ('05ec9184-10af-4be3-b83f-13ee4ed0097a', 'bd15830e-41ee-4a2e-87df-90b6da474a88', 'lead_imported', 'captured', '{"routingMethod":"amap_driving","assignedStoreId":"xp-bj-chaoyang"}'::jsonb, '2026-03-25T14:03:58.113Z');
INSERT INTO lead_events (id, lead_id, event_type, event_status, payload, created_at) VALUES ('a5707530-c97a-4d42-b801-1eaa2d89ad64', '4c96dd57-7e6d-4f55-b2a7-9d432e0f4949', 'lead_imported', 'captured', '{"routingMethod":"city","assignedStoreId":"xp-gz-hq-tech"}'::jsonb, '2026-03-25T15:22:51.962Z');
INSERT INTO lead_events (id, lead_id, event_type, event_status, payload, created_at) VALUES ('4d5ccd53-a7bb-4c65-819c-3aeee8ae26a6', '99f664a3-1fc8-40bf-955a-e35563347f73', 'lead_imported', 'captured', '{"routingMethod":"city","assignedStoreId":"xp-gz-hq-tech"}'::jsonb, '2026-03-25T16:28:27.125Z');
INSERT INTO lead_events (id, lead_id, event_type, event_status, payload, created_at) VALUES ('1dce93fa-8807-4ddf-89f0-2b545aa4e4aa', 'f6ed4716-53cf-4482-aa4d-8942e2bfaf8d', 'lead_imported', 'captured', '{"routingMethod":"fallback_city","assignedStoreId":"xp-gz-hq-tech"}'::jsonb, '2026-03-25T17:27:29.074Z');
INSERT INTO lead_events (id, lead_id, event_type, event_status, payload, created_at) VALUES ('12d7f712-3a50-433c-9993-acd40763e08d', '0ba1beed-e5a8-4402-8e1e-e794262be1ee', 'lead_imported', 'captured', '{"routingMethod":"city","assignedStoreId":"xp-gz-hq-tech"}'::jsonb, '2026-03-25T17:30:41.111Z');
INSERT INTO lead_events (id, lead_id, event_type, event_status, payload, created_at) VALUES ('5c73e7aa-ea36-4a62-8b57-ed895fb5bcf6', '537ef0aa-d238-4889-849c-3fc3b9290f66', 'lead_imported', 'captured', '{"routingMethod":"fallback_city","assignedStoreId":"xp-gz-hq-tech"}'::jsonb, '2026-03-25T17:31:14.594Z');
INSERT INTO lead_events (id, lead_id, event_type, event_status, payload, created_at) VALUES ('e6cd1738-7aca-4a9a-9e89-15750dd509e0', 'c4ee998c-01cb-4787-ada2-6d7727031b3b', 'lead_imported', 'captured', '{"routingMethod":"city","assignedStoreId":"xp-gz-hq-tech"}'::jsonb, '2026-03-25T17:37:38.274Z');
INSERT INTO lead_events (id, lead_id, event_type, event_status, payload, created_at) VALUES ('babdbea3-1800-4c72-8294-b21d61b68e12', '5251f28e-7fcf-43f5-b916-2184ec98c336', 'lead_imported', 'captured', '{"routingMethod":"city","assignedStoreId":"xp-gz-hq-tech"}'::jsonb, '2026-03-25T18:04:39.424Z');
INSERT INTO lead_events (id, lead_id, event_type, event_status, payload, created_at) VALUES ('00356c78-c46b-4adb-b2f6-167d19606d14', 'd44144c0-7487-4fc0-ab6b-58c38bc9ab79', 'lead_imported', 'captured', '{"routingMethod":"city","assignedStoreId":"xp-gz-hq-tech"}'::jsonb, '2026-03-25T18:25:51.032Z');
INSERT INTO lead_events (id, lead_id, event_type, event_status, payload, created_at) VALUES ('79c6e0e9-ac13-4c87-8250-63d4552388ae', 'a8f2b07c-8201-45a5-932b-4d8e13e5bd6f', 'lead_imported', 'captured', '{"routingMethod":"city","assignedStoreId":"xp-gz-hq-tech"}'::jsonb, '2026-03-25T18:26:43.279Z');
INSERT INTO lead_events (id, lead_id, event_type, event_status, payload, created_at) VALUES ('38f0d1e5-3f32-4f09-a460-7f9d1ed32914', '29c15eba-95af-46a1-9e57-6744ff48c582', 'lead_imported', 'captured', '{"routingMethod":"city","assignedStoreId":"xp-gz-hq-tech"}'::jsonb, '2026-03-25T18:28:02.626Z');
INSERT INTO lead_events (id, lead_id, event_type, event_status, payload, created_at) VALUES ('4877087b-911c-4fcd-8c24-a548e78b4023', 'abf873fb-6150-4e6f-b8ed-f1546b1c372b', 'lead_imported', 'captured', '{"routingMethod":"city","assignedStoreId":"xp-gz-hq-tech"}'::jsonb, '2026-03-26T03:02:59.487Z');
INSERT INTO lead_events (id, lead_id, event_type, event_status, payload, created_at) VALUES ('d1d7e1cb-b243-445b-a606-bd1f8a1db815', '11ac7ca6-082c-46f3-8f04-089dcca41ae3', 'lead_imported', 'captured', '{"routingMethod":"city","assignedStoreId":"xp-gz-hq-tech"}'::jsonb, '2026-03-26T03:07:10.383Z');
INSERT INTO lead_events (id, lead_id, event_type, event_status, payload, created_at) VALUES ('8fd72358-1168-473e-aa8b-ed132d6a7f48', '7a817e01-7ba7-473e-a1e4-052a10d37be5', 'lead_imported', 'captured', '{"routingMethod":"city","assignedStoreId":"xp-gz-hq-tech"}'::jsonb, '2026-03-26T03:08:03.179Z');
INSERT INTO lead_events (id, lead_id, event_type, event_status, payload, created_at) VALUES ('f6de6e76-a23d-45ac-8604-429512a420d0', '16af3884-896e-4834-b8c3-60450127aadc', 'lead_imported', 'captured', '{"routingMethod":"amap_driving","assignedStoreId":"xp-sh-pudong"}'::jsonb, '2026-03-26T03:09:09.679Z');
INSERT INTO lead_events (id, lead_id, event_type, event_status, payload, created_at) VALUES ('d95d7d71-9704-4d3d-89c9-7e0817e3712f', '06566776-954e-46de-9652-f83f0e643495', 'lead_imported', 'captured', '{"routingMethod":"city","assignedStoreId":"xp-gz-hq-tech"}'::jsonb, '2026-03-26T03:23:32.257Z');
INSERT INTO lead_events (id, lead_id, event_type, event_status, payload, created_at) VALUES ('41c47c37-e4c1-40c1-8cb6-83eaa17742a0', 'e240fef7-f6fc-4283-ba89-3163a3b4e539', 'lead_imported', 'captured', '{"routingMethod":"amap_driving","assignedStoreId":"xp-bj-chaoyang"}'::jsonb, '2026-03-26T08:40:07.178Z');
INSERT INTO lead_events (id, lead_id, event_type, event_status, payload, created_at) VALUES ('9254121e-7913-4514-b000-00abf9aa0a70', '7930fc66-5a28-475a-808f-530ecb00e436', 'lead_imported', 'captured', '{"routingMethod":"city","assignedStoreId":"xp-gz-hq-tech"}'::jsonb, '2026-03-26T12:48:23.885Z');
INSERT INTO lead_events (id, lead_id, event_type, event_status, payload, created_at) VALUES ('1ea6075f-9459-4e55-8b20-476b57e71fc2', '31fe5977-3925-4f8a-b18b-49416af7c13c', 'lead_imported', 'qualified', '{"routingMethod":"city","assignedStoreId":"xp-gz-hq-tech"}'::jsonb, '2026-03-26T16:15:03.227Z');
INSERT INTO lead_events (id, lead_id, event_type, event_status, payload, created_at) VALUES ('be8bc44f-381c-4513-afc5-47d3dbbda0b4', 'da87460d-48a6-4fa8-8509-d8090a98fe80', 'lead_imported', 'captured', '{"routingMethod":"city","assignedStoreId":"xp-gz-hq-tech"}'::jsonb, '2026-03-26T16:27:51.371Z');
INSERT INTO lead_events (id, lead_id, event_type, event_status, payload, created_at) VALUES ('93c41ef0-7741-42ce-a8f6-3495bb3192c8', '357d5a47-2924-4485-869b-00960d3ece02', 'lead_imported', 'captured', '{"routingMethod":"city","assignedStoreId":"xp-gz-hq-tech"}'::jsonb, '2026-03-26T16:29:38.560Z');
INSERT INTO lead_events (id, lead_id, event_type, event_status, payload, created_at) VALUES ('091948ba-1187-4988-93e3-f2ee50df75a5', '4824c898-024f-4bc5-a3d2-2d3a9ca03790', 'lead_imported', 'captured', '{"routingMethod":"city","assignedStoreId":"xp-gz-hq-tech"}'::jsonb, '2026-03-26T16:41:31.059Z');

-- agent_runs: 29 rows
INSERT INTO agent_runs (id, session_id, request_id, route, mode, response_source, status, agent_release, prompt_version, policy_version, eval_dataset_version, total_ms, planning_ms, synthesis_ms, agent_turns, has_structured, stream, error_message, metadata, created_at) VALUES ('1e6b8b08-79b7-4735-bdc1-5226c3c5e713', '4f945688-6289-4e48-9b96-87ea7a8aa697', 'ee3d9653-a779-4d18-a8a7-fc895fa2b5ac', '/api/chat/stream', 'general', NULL, 'completed', NULL, NULL, NULL, NULL, 182, NULL, NULL, 0, FALSE, TRUE, NULL, '{"importedFrom":"analytics.jsonl","ip":"::1"}'::jsonb, '2026-03-26T08:30:19.437Z');
INSERT INTO agent_runs (id, session_id, request_id, route, mode, response_source, status, agent_release, prompt_version, policy_version, eval_dataset_version, total_ms, planning_ms, synthesis_ms, agent_turns, has_structured, stream, error_message, metadata, created_at) VALUES ('9dadccb5-0cc2-4d62-a591-c11b0521ffc3', 'fe44600e-7dc3-434d-b6b0-dec0c194cfe5', 'c6e4ff83-cf6e-4965-a808-bdf1dce3d810', '/api/chat/stream', 'recommendation', NULL, 'completed', NULL, NULL, NULL, NULL, 29664, NULL, NULL, 2, TRUE, TRUE, NULL, '{"importedFrom":"analytics.jsonl","ip":"::1"}'::jsonb, '2026-03-26T08:32:02.880Z');
INSERT INTO agent_runs (id, session_id, request_id, route, mode, response_source, status, agent_release, prompt_version, policy_version, eval_dataset_version, total_ms, planning_ms, synthesis_ms, agent_turns, has_structured, stream, error_message, metadata, created_at) VALUES ('57c2d818-e97e-4a4d-830f-b8a5ff1fb6db', '55fb658c-0666-4feb-9d39-8567fc4bf307', 'c4268f37-1862-4f62-bf47-38cadc2f5cd9', '/api/chat/stream', 'comparison', NULL, 'completed', NULL, NULL, NULL, NULL, 59870, NULL, NULL, 3, TRUE, TRUE, NULL, '{"importedFrom":"analytics.jsonl","ip":"::1"}'::jsonb, '2026-03-26T08:35:13.409Z');
INSERT INTO agent_runs (id, session_id, request_id, route, mode, response_source, status, agent_release, prompt_version, policy_version, eval_dataset_version, total_ms, planning_ms, synthesis_ms, agent_turns, has_structured, stream, error_message, metadata, created_at) VALUES ('c24e1fd2-e1ad-49f0-916d-09da818fbe52', '42b57e8f-e7c7-4b80-bc29-66de0dd4796d', 'a8cd8e6d-5e03-446e-8f8d-7380271a4621', '/api/chat/stream', 'recommendation', NULL, 'completed', NULL, NULL, NULL, NULL, 43517, NULL, NULL, 2, TRUE, TRUE, NULL, '{"importedFrom":"analytics.jsonl","ip":"::ffff:127.0.0.1"}'::jsonb, '2026-03-26T08:37:05.970Z');
INSERT INTO agent_runs (id, session_id, request_id, route, mode, response_source, status, agent_release, prompt_version, policy_version, eval_dataset_version, total_ms, planning_ms, synthesis_ms, agent_turns, has_structured, stream, error_message, metadata, created_at) VALUES ('b481016a-a0df-491e-a456-85df0613a93b', '42b57e8f-e7c7-4b80-bc29-66de0dd4796d', '1620db28-e6e6-4037-a624-1845092d5259', '/api/chat/stream', 'store', NULL, 'completed', NULL, NULL, NULL, NULL, 42549, NULL, NULL, 3, TRUE, TRUE, NULL, '{"importedFrom":"analytics.jsonl","ip":"::ffff:127.0.0.1"}'::jsonb, '2026-03-26T08:39:02.006Z');
INSERT INTO agent_runs (id, session_id, request_id, route, mode, response_source, status, agent_release, prompt_version, policy_version, eval_dataset_version, total_ms, planning_ms, synthesis_ms, agent_turns, has_structured, stream, error_message, metadata, created_at) VALUES ('e0a23101-321e-4bb9-96f4-6d0204174018', '58e0cac5-c97c-4086-8577-63afebae56fc', '1cdd14c8-f40e-4b5d-b35a-cb2096a18ed7', '/api/chat/stream', 'general', NULL, 'completed', NULL, NULL, NULL, NULL, 13814, NULL, NULL, 1, FALSE, TRUE, NULL, '{"importedFrom":"analytics.jsonl","ip":"::ffff:127.0.0.1"}'::jsonb, '2026-03-26T10:03:49.153Z');
INSERT INTO agent_runs (id, session_id, request_id, route, mode, response_source, status, agent_release, prompt_version, policy_version, eval_dataset_version, total_ms, planning_ms, synthesis_ms, agent_turns, has_structured, stream, error_message, metadata, created_at) VALUES ('ac8639f9-3363-4078-b787-eba33f1451c3', '337a09c1-997e-4a98-b30a-f247835771f3', '013304a9-5b9c-4f1a-a0a1-81e9a6813469', '/api/chat/stream', 'comparison', NULL, 'completed', NULL, NULL, NULL, NULL, 43725, NULL, NULL, 4, TRUE, TRUE, NULL, '{"importedFrom":"analytics.jsonl","ip":"::ffff:127.0.0.1"}'::jsonb, '2026-03-26T11:30:00.189Z');
INSERT INTO agent_runs (id, session_id, request_id, route, mode, response_source, status, agent_release, prompt_version, policy_version, eval_dataset_version, total_ms, planning_ms, synthesis_ms, agent_turns, has_structured, stream, error_message, metadata, created_at) VALUES ('66c2ca88-982c-450b-9ef6-d3c466dfcd8c', 'd17f21fc-2256-4dab-9968-1ec3af1d8bf7', '63e8032c-9f12-475d-8bb6-df0a2737331a', '/api/chat', 'general', NULL, 'completed', NULL, NULL, NULL, NULL, 126, NULL, NULL, 0, FALSE, FALSE, NULL, '{"importedFrom":"analytics.jsonl","ip":"::ffff:127.0.0.1"}'::jsonb, '2026-03-26T11:41:46.754Z');
INSERT INTO agent_runs (id, session_id, request_id, route, mode, response_source, status, agent_release, prompt_version, policy_version, eval_dataset_version, total_ms, planning_ms, synthesis_ms, agent_turns, has_structured, stream, error_message, metadata, created_at) VALUES ('287bc0f7-9492-49db-8921-0f553196408e', '10fc4dfe-069d-4d86-963b-c975a3b7a019', '231d85e6-789e-41fb-8cb8-62f5abe7ed4b', '/api/chat', 'general', NULL, 'completed', NULL, NULL, NULL, NULL, 64, NULL, NULL, 0, FALSE, FALSE, NULL, '{"importedFrom":"analytics.jsonl","ip":"::ffff:127.0.0.1"}'::jsonb, '2026-03-26T11:42:29.318Z');
INSERT INTO agent_runs (id, session_id, request_id, route, mode, response_source, status, agent_release, prompt_version, policy_version, eval_dataset_version, total_ms, planning_ms, synthesis_ms, agent_turns, has_structured, stream, error_message, metadata, created_at) VALUES ('ee685d37-2800-4c29-ab0b-c2f3ce4ed2fe', '533c0b99-21ae-4cc3-a613-9fa0286b75bb', '03e14f8a-eee7-4cd6-aeef-c6dd881641e5', '/api/chat/stream', 'general', NULL, 'completed', NULL, NULL, NULL, NULL, 21908, NULL, NULL, 1, FALSE, TRUE, NULL, '{"importedFrom":"analytics.jsonl","ip":"::ffff:127.0.0.1"}'::jsonb, '2026-03-26T12:15:23.814Z');
INSERT INTO agent_runs (id, session_id, request_id, route, mode, response_source, status, agent_release, prompt_version, policy_version, eval_dataset_version, total_ms, planning_ms, synthesis_ms, agent_turns, has_structured, stream, error_message, metadata, created_at) VALUES ('5ce21334-76a5-4e2a-843f-4e66f95015bb', '533c0b99-21ae-4cc3-a613-9fa0286b75bb', 'fc21b71a-78d4-4f49-97ec-273c3732ab11', '/api/chat/stream', 'comparison', NULL, 'completed', NULL, NULL, NULL, NULL, 48054, NULL, NULL, 2, TRUE, TRUE, NULL, '{"importedFrom":"analytics.jsonl","ip":"::ffff:127.0.0.1"}'::jsonb, '2026-03-26T12:16:32.383Z');
INSERT INTO agent_runs (id, session_id, request_id, route, mode, response_source, status, agent_release, prompt_version, policy_version, eval_dataset_version, total_ms, planning_ms, synthesis_ms, agent_turns, has_structured, stream, error_message, metadata, created_at) VALUES ('5026016c-815b-4d01-8066-e285f49720c4', '533c0b99-21ae-4cc3-a613-9fa0286b75bb', 'e6960877-e65b-4e51-a8e0-6bde8d6fceb6', '/api/chat/stream', 'store', NULL, 'completed', NULL, NULL, NULL, NULL, 21202, NULL, NULL, 2, TRUE, TRUE, NULL, '{"importedFrom":"analytics.jsonl","ip":"::ffff:127.0.0.1"}'::jsonb, '2026-03-26T12:18:09.102Z');
INSERT INTO agent_runs (id, session_id, request_id, route, mode, response_source, status, agent_release, prompt_version, policy_version, eval_dataset_version, total_ms, planning_ms, synthesis_ms, agent_turns, has_structured, stream, error_message, metadata, created_at) VALUES ('890be351-57f0-42a6-ad80-f281f5698d0c', '3d710418-5b86-4951-8cd7-08e631be7f8e', '54c22d28-922c-4dd7-855e-ff0156496336', '/api/chat', 'general', NULL, 'completed', '2026.03.26-agent-pm-track-1', 'prompt-v2', 'policy-v1', 'eval-v1', 93, NULL, NULL, 0, FALSE, FALSE, NULL, '{"importedFrom":"analytics.jsonl","ip":"::ffff:127.0.0.1"}'::jsonb, '2026-03-26T12:45:20.078Z');
INSERT INTO agent_runs (id, session_id, request_id, route, mode, response_source, status, agent_release, prompt_version, policy_version, eval_dataset_version, total_ms, planning_ms, synthesis_ms, agent_turns, has_structured, stream, error_message, metadata, created_at) VALUES ('f2d7812c-600d-486a-b285-5d9745d9ca36', '2456cd0c-7a55-47d2-aaf5-62d308d69cfe', 'a3b96a43-e70a-4d15-9d0b-41c7b231ea50', '/api/chat', 'general', NULL, 'completed', '2026.03.26-agent-pm-track-1', 'prompt-v2', 'policy-v1', 'eval-v1', 54, NULL, NULL, 0, FALSE, FALSE, NULL, '{"importedFrom":"analytics.jsonl","ip":"::ffff:127.0.0.1"}'::jsonb, '2026-03-26T12:46:04.357Z');
INSERT INTO agent_runs (id, session_id, request_id, route, mode, response_source, status, agent_release, prompt_version, policy_version, eval_dataset_version, total_ms, planning_ms, synthesis_ms, agent_turns, has_structured, stream, error_message, metadata, created_at) VALUES ('6be611fc-4a2f-4c1b-9177-6bcf5b11aff5', '153a5e64-d54c-4737-9b10-6f44ba3927ce', '5d866a65-edd1-43c8-93a4-bba2045f4cfa', '/api/chat', 'general', NULL, 'completed', '2026.03.26-agent-pm-track-1', 'prompt-v2', 'policy-v1', 'eval-v1', 64, NULL, NULL, 0, FALSE, FALSE, NULL, '{"importedFrom":"analytics.jsonl","ip":"::ffff:127.0.0.1"}'::jsonb, '2026-03-26T12:48:23.844Z');
INSERT INTO agent_runs (id, session_id, request_id, route, mode, response_source, status, agent_release, prompt_version, policy_version, eval_dataset_version, total_ms, planning_ms, synthesis_ms, agent_turns, has_structured, stream, error_message, metadata, created_at) VALUES ('a19b400c-48d3-4914-b892-9ede105cb109', '81c5624b-5e36-4e27-86f9-930bc8cd932f', '39d79106-4776-4d51-913c-3a5dd61d6ca9', '/api/chat', 'general', NULL, 'completed', '2026.03.26-agent-pm-track-1', 'prompt-v2', 'policy-v1', 'eval-v1', 3, NULL, NULL, 0, FALSE, FALSE, NULL, '{"importedFrom":"analytics.jsonl","ip":"::ffff:127.0.0.1"}'::jsonb, '2026-03-26T12:48:23.852Z');
INSERT INTO agent_runs (id, session_id, request_id, route, mode, response_source, status, agent_release, prompt_version, policy_version, eval_dataset_version, total_ms, planning_ms, synthesis_ms, agent_turns, has_structured, stream, error_message, metadata, created_at) VALUES ('db4714a2-c3b7-4ffa-8524-5f19bd150ded', '48bc8206-775a-4518-8ff0-829cea3a904e', 'f3049de5-479f-4e3d-8884-86c7dfc83e4f', '/api/chat', 'general', NULL, 'completed', '2026.03.26-agent-pm-track-1', 'prompt-v2', 'policy-v1', 'eval-v1', 2, NULL, NULL, 0, FALSE, FALSE, NULL, '{"importedFrom":"analytics.jsonl","ip":"::ffff:127.0.0.1"}'::jsonb, '2026-03-26T12:48:23.860Z');
INSERT INTO agent_runs (id, session_id, request_id, route, mode, response_source, status, agent_release, prompt_version, policy_version, eval_dataset_version, total_ms, planning_ms, synthesis_ms, agent_turns, has_structured, stream, error_message, metadata, created_at) VALUES ('1c1580aa-3e4d-40fd-a6db-5ca6f9765fe0', '1ebe2e7e-a985-48bb-863f-362bbb1a15e6', 'a1a43d7c-59e6-420e-a8ae-d444ed14806f', '/api/chat', 'general', NULL, 'completed', '2026.03.26-agent-pm-track-1', 'prompt-v2', 'policy-v1', 'eval-v1', 2, NULL, NULL, 0, FALSE, FALSE, NULL, '{"importedFrom":"analytics.jsonl","ip":"::ffff:127.0.0.1"}'::jsonb, '2026-03-26T12:48:23.867Z');
INSERT INTO agent_runs (id, session_id, request_id, route, mode, response_source, status, agent_release, prompt_version, policy_version, eval_dataset_version, total_ms, planning_ms, synthesis_ms, agent_turns, has_structured, stream, error_message, metadata, created_at) VALUES ('5aae3bc6-1f54-4ff2-97d2-66ee0f25d63a', '1ebe2e7e-a985-48bb-863f-362bbb1a15e6', 'd6ce507f-af44-4615-841f-fd5169cd67c6', '/api/chat', 'general', NULL, 'completed', '2026.03.26-agent-pm-track-1', 'prompt-v2', 'policy-v1', 'eval-v1', 2, NULL, NULL, 0, FALSE, FALSE, NULL, '{"importedFrom":"analytics.jsonl","ip":"::ffff:127.0.0.1"}'::jsonb, '2026-03-26T12:48:23.874Z');
INSERT INTO agent_runs (id, session_id, request_id, route, mode, response_source, status, agent_release, prompt_version, policy_version, eval_dataset_version, total_ms, planning_ms, synthesis_ms, agent_turns, has_structured, stream, error_message, metadata, created_at) VALUES ('6d3cc732-99a0-49a0-a726-bfcab6679b82', '466248ef-fa6b-4002-9f95-4d6ea14cff2b', 'a6aa9a4e-730b-47ab-a04d-193edd91e18b', '/api/chat', 'general', NULL, 'completed', '2026.03.26-agent-pm-track-1', 'prompt-v2', 'policy-v1', 'eval-v1', 72, NULL, NULL, 0, FALSE, FALSE, NULL, '{"importedFrom":"analytics.jsonl","ip":"::ffff:127.0.0.1"}'::jsonb, '2026-03-26T16:27:51.324Z');
INSERT INTO agent_runs (id, session_id, request_id, route, mode, response_source, status, agent_release, prompt_version, policy_version, eval_dataset_version, total_ms, planning_ms, synthesis_ms, agent_turns, has_structured, stream, error_message, metadata, created_at) VALUES ('241ac6a4-bc9b-4064-8720-395517ec0cee', '24e5ee00-3cea-4e0d-a69a-03c45cc8ef66', '88d4e7c0-6ead-4dee-87c2-b4414b8bc523', '/api/chat', 'general', NULL, 'completed', '2026.03.26-agent-pm-track-1', 'prompt-v2', 'policy-v1', 'eval-v1', 3, NULL, NULL, 0, FALSE, FALSE, NULL, '{"importedFrom":"analytics.jsonl","ip":"::ffff:127.0.0.1"}'::jsonb, '2026-03-26T16:27:51.334Z');
INSERT INTO agent_runs (id, session_id, request_id, route, mode, response_source, status, agent_release, prompt_version, policy_version, eval_dataset_version, total_ms, planning_ms, synthesis_ms, agent_turns, has_structured, stream, error_message, metadata, created_at) VALUES ('3630c536-66b2-4697-93ae-254b4b10f22a', '502dbcfc-ab20-4574-9750-91177c9da923', 'fb5f38f0-c542-4f24-8cb9-134901b14c93', '/api/chat', 'general', NULL, 'completed', '2026.03.26-agent-pm-track-1', 'prompt-v2', 'policy-v1', 'eval-v1', 3, NULL, NULL, 0, FALSE, FALSE, NULL, '{"importedFrom":"analytics.jsonl","ip":"::ffff:127.0.0.1"}'::jsonb, '2026-03-26T16:27:51.342Z');
INSERT INTO agent_runs (id, session_id, request_id, route, mode, response_source, status, agent_release, prompt_version, policy_version, eval_dataset_version, total_ms, planning_ms, synthesis_ms, agent_turns, has_structured, stream, error_message, metadata, created_at) VALUES ('e886edb7-ddcf-4956-92a0-a28c20835ad9', '68f063dd-5b04-45d3-9f37-d090561c6bbb', 'c31b8711-448d-4bfb-9017-6706d830fe39', '/api/chat', 'general', NULL, 'completed', '2026.03.26-agent-pm-track-1', 'prompt-v2', 'policy-v1', 'eval-v1', 3, NULL, NULL, 0, FALSE, FALSE, NULL, '{"importedFrom":"analytics.jsonl","ip":"::ffff:127.0.0.1"}'::jsonb, '2026-03-26T16:27:51.351Z');
INSERT INTO agent_runs (id, session_id, request_id, route, mode, response_source, status, agent_release, prompt_version, policy_version, eval_dataset_version, total_ms, planning_ms, synthesis_ms, agent_turns, has_structured, stream, error_message, metadata, created_at) VALUES ('c22b7569-ca2c-4c89-9fe2-e9e5ba335c45', '68f063dd-5b04-45d3-9f37-d090561c6bbb', '2ba4753c-a9d7-4017-91a8-a97b9ce85996', '/api/chat', 'general', NULL, 'completed', '2026.03.26-agent-pm-track-1', 'prompt-v2', 'policy-v1', 'eval-v1', 2, NULL, NULL, 0, FALSE, FALSE, NULL, '{"importedFrom":"analytics.jsonl","ip":"::ffff:127.0.0.1"}'::jsonb, '2026-03-26T16:27:51.358Z');
INSERT INTO agent_runs (id, session_id, request_id, route, mode, response_source, status, agent_release, prompt_version, policy_version, eval_dataset_version, total_ms, planning_ms, synthesis_ms, agent_turns, has_structured, stream, error_message, metadata, created_at) VALUES ('2e550497-64b0-4723-955a-e09c62ce57ca', '702d3a7e-db99-496e-b5e5-e703625effc2', '3679d2c8-dc38-4f25-a7d8-0ddeff29625e', '/api/chat', 'general', NULL, 'completed', '2026.03.26-agent-pm-track-1', 'prompt-v2', 'policy-v1', 'eval-v1', 46, NULL, NULL, 0, FALSE, FALSE, NULL, '{"importedFrom":"analytics.jsonl","ip":"::ffff:127.0.0.1"}'::jsonb, '2026-03-26T16:41:31.020Z');
INSERT INTO agent_runs (id, session_id, request_id, route, mode, response_source, status, agent_release, prompt_version, policy_version, eval_dataset_version, total_ms, planning_ms, synthesis_ms, agent_turns, has_structured, stream, error_message, metadata, created_at) VALUES ('1a33151e-bbfa-4810-96b5-8a4073109054', '93e62af7-ffbb-452d-8be2-631a06ceb2b0', '26d8235b-db42-4c22-bc51-4dd9fba8896c', '/api/chat', 'general', NULL, 'completed', '2026.03.26-agent-pm-track-1', 'prompt-v2', 'policy-v1', 'eval-v1', 2, NULL, NULL, 0, FALSE, FALSE, NULL, '{"importedFrom":"analytics.jsonl","ip":"::ffff:127.0.0.1"}'::jsonb, '2026-03-26T16:41:31.028Z');
INSERT INTO agent_runs (id, session_id, request_id, route, mode, response_source, status, agent_release, prompt_version, policy_version, eval_dataset_version, total_ms, planning_ms, synthesis_ms, agent_turns, has_structured, stream, error_message, metadata, created_at) VALUES ('83b9c724-388e-40fa-88f6-1002ed0f2f4f', 'd3a07748-c250-44e8-89fe-5f12a8bebafd', 'd4fe91ab-8290-4750-80d3-50892c1786f4', '/api/chat', 'general', NULL, 'completed', '2026.03.26-agent-pm-track-1', 'prompt-v2', 'policy-v1', 'eval-v1', 2, NULL, NULL, 0, FALSE, FALSE, NULL, '{"importedFrom":"analytics.jsonl","ip":"::ffff:127.0.0.1"}'::jsonb, '2026-03-26T16:41:31.036Z');
INSERT INTO agent_runs (id, session_id, request_id, route, mode, response_source, status, agent_release, prompt_version, policy_version, eval_dataset_version, total_ms, planning_ms, synthesis_ms, agent_turns, has_structured, stream, error_message, metadata, created_at) VALUES ('a374b463-0359-4e03-b10e-aebed4ff466e', '26f8f57f-3887-4d95-a510-b0925715ec4f', 'a99793e4-3c18-49bd-980d-9b84c92ba2a5', '/api/chat', 'general', NULL, 'completed', '2026.03.26-agent-pm-track-1', 'prompt-v2', 'policy-v1', 'eval-v1', 2, NULL, NULL, 0, FALSE, FALSE, NULL, '{"importedFrom":"analytics.jsonl","ip":"::ffff:127.0.0.1"}'::jsonb, '2026-03-26T16:41:31.042Z');
INSERT INTO agent_runs (id, session_id, request_id, route, mode, response_source, status, agent_release, prompt_version, policy_version, eval_dataset_version, total_ms, planning_ms, synthesis_ms, agent_turns, has_structured, stream, error_message, metadata, created_at) VALUES ('896d318d-dab7-497a-933b-5b03ff57439f', '26f8f57f-3887-4d95-a510-b0925715ec4f', '064b6a94-bdf8-48e0-aac5-9024c491898a', '/api/chat', 'general', NULL, 'completed', '2026.03.26-agent-pm-track-1', 'prompt-v2', 'policy-v1', 'eval-v1', 2, NULL, NULL, 0, FALSE, FALSE, NULL, '{"importedFrom":"analytics.jsonl","ip":"::ffff:127.0.0.1"}'::jsonb, '2026-03-26T16:41:31.050Z');

-- tool_calls: 20 rows
INSERT INTO tool_calls (id, agent_run_id, tool_name, call_order, status, latency_ms, summary, args, result, created_at) VALUES ('1558fdaf-6f12-4e1b-a6a2-f635a0fcc807', '9dadccb5-0cc2-4d62-a591-c11b0521ffc3', 'recall_memory', 1, 'completed', NULL, NULL, '{}'::jsonb, NULL, '2026-03-26T08:32:02.880Z');
INSERT INTO tool_calls (id, agent_run_id, tool_name, call_order, status, latency_ms, summary, args, result, created_at) VALUES ('4fe83d37-81b8-43f8-bd59-7c8a1c343cc5', '9dadccb5-0cc2-4d62-a591-c11b0521ffc3', 'search_catalog', 2, 'completed', NULL, NULL, '{}'::jsonb, NULL, '2026-03-26T08:32:02.880Z');
INSERT INTO tool_calls (id, agent_run_id, tool_name, call_order, status, latency_ms, summary, args, result, created_at) VALUES ('cffa16fa-0442-47a7-a21e-26725abeb979', '57c2d818-e97e-4a4d-830f-b8a5ff1fb6db', 'recall_memory', 1, 'completed', NULL, NULL, '{}'::jsonb, NULL, '2026-03-26T08:35:13.409Z');
INSERT INTO tool_calls (id, agent_run_id, tool_name, call_order, status, latency_ms, summary, args, result, created_at) VALUES ('5d2456ce-b58c-40d3-bd43-b211ed617def', '57c2d818-e97e-4a4d-830f-b8a5ff1fb6db', 'search_catalog', 2, 'completed', NULL, NULL, '{}'::jsonb, NULL, '2026-03-26T08:35:13.409Z');
INSERT INTO tool_calls (id, agent_run_id, tool_name, call_order, status, latency_ms, summary, args, result, created_at) VALUES ('c1348213-714d-49ec-b121-56f74392bf1e', '57c2d818-e97e-4a4d-830f-b8a5ff1fb6db', 'compare_catalog', 3, 'completed', NULL, NULL, '{}'::jsonb, NULL, '2026-03-26T08:35:13.409Z');
INSERT INTO tool_calls (id, agent_run_id, tool_name, call_order, status, latency_ms, summary, args, result, created_at) VALUES ('0a49ebd3-061e-44df-b195-d4d5ccf46216', 'c24e1fd2-e1ad-49f0-916d-09da818fbe52', 'recall_memory', 1, 'completed', NULL, NULL, '{}'::jsonb, NULL, '2026-03-26T08:37:05.970Z');
INSERT INTO tool_calls (id, agent_run_id, tool_name, call_order, status, latency_ms, summary, args, result, created_at) VALUES ('14ea5429-7763-4e1b-bb70-78723207f9d2', 'c24e1fd2-e1ad-49f0-916d-09da818fbe52', 'search_catalog', 2, 'completed', NULL, NULL, '{}'::jsonb, NULL, '2026-03-26T08:37:05.970Z');
INSERT INTO tool_calls (id, agent_run_id, tool_name, call_order, status, latency_ms, summary, args, result, created_at) VALUES ('63bb803f-70c5-49d1-82e4-1f61d7e37228', 'b481016a-a0df-491e-a456-85df0613a93b', 'recall_memory', 1, 'completed', NULL, NULL, '{}'::jsonb, NULL, '2026-03-26T08:39:02.006Z');
INSERT INTO tool_calls (id, agent_run_id, tool_name, call_order, status, latency_ms, summary, args, result, created_at) VALUES ('c7cc986a-b735-45b6-a710-a8db6af73259', 'b481016a-a0df-491e-a456-85df0613a93b', 'find_stores', 2, 'completed', NULL, NULL, '{}'::jsonb, NULL, '2026-03-26T08:39:02.006Z');
INSERT INTO tool_calls (id, agent_run_id, tool_name, call_order, status, latency_ms, summary, args, result, created_at) VALUES ('944679bd-1c8d-45fb-9b48-d5bcceffc0e8', 'b481016a-a0df-491e-a456-85df0613a93b', 'find_stores', 3, 'completed', NULL, NULL, '{}'::jsonb, NULL, '2026-03-26T08:39:02.006Z');
INSERT INTO tool_calls (id, agent_run_id, tool_name, call_order, status, latency_ms, summary, args, result, created_at) VALUES ('6d39d57d-dcce-491a-9fe3-9060cfd4e709', 'e0a23101-321e-4bb9-96f4-6d0204174018', 'recall_memory', 1, 'completed', NULL, NULL, '{}'::jsonb, NULL, '2026-03-26T10:03:49.153Z');
INSERT INTO tool_calls (id, agent_run_id, tool_name, call_order, status, latency_ms, summary, args, result, created_at) VALUES ('a84796be-7e50-4de3-bbce-3dc28ae5bc06', 'ac8639f9-3363-4078-b787-eba33f1451c3', 'recall_memory', 1, 'completed', NULL, NULL, '{}'::jsonb, NULL, '2026-03-26T11:30:00.189Z');
INSERT INTO tool_calls (id, agent_run_id, tool_name, call_order, status, latency_ms, summary, args, result, created_at) VALUES ('a4a1213e-40eb-4e4d-8cdf-d48fa4d2f0bc', 'ac8639f9-3363-4078-b787-eba33f1451c3', 'search_catalog', 2, 'completed', NULL, NULL, '{}'::jsonb, NULL, '2026-03-26T11:30:00.189Z');
INSERT INTO tool_calls (id, agent_run_id, tool_name, call_order, status, latency_ms, summary, args, result, created_at) VALUES ('2e9d1e1f-b894-4420-923c-5d92e971e072', 'ac8639f9-3363-4078-b787-eba33f1451c3', 'search_catalog', 3, 'completed', NULL, NULL, '{}'::jsonb, NULL, '2026-03-26T11:30:00.189Z');
INSERT INTO tool_calls (id, agent_run_id, tool_name, call_order, status, latency_ms, summary, args, result, created_at) VALUES ('84a2add9-8d6e-4bfe-8f6e-3908ef59a2a5', 'ac8639f9-3363-4078-b787-eba33f1451c3', 'compare_catalog', 4, 'completed', NULL, NULL, '{}'::jsonb, NULL, '2026-03-26T11:30:00.189Z');
INSERT INTO tool_calls (id, agent_run_id, tool_name, call_order, status, latency_ms, summary, args, result, created_at) VALUES ('a7ce9776-fdbf-4f40-bb4e-9924b2689f99', 'ee685d37-2800-4c29-ab0b-c2f3ce4ed2fe', 'recall_memory', 1, 'completed', NULL, NULL, '{}'::jsonb, NULL, '2026-03-26T12:15:23.814Z');
INSERT INTO tool_calls (id, agent_run_id, tool_name, call_order, status, latency_ms, summary, args, result, created_at) VALUES ('fb17c87f-ebf9-47b3-ab76-7a816eb628e9', '5ce21334-76a5-4e2a-843f-4e66f95015bb', 'recall_memory', 1, 'completed', NULL, NULL, '{}'::jsonb, NULL, '2026-03-26T12:16:32.383Z');
INSERT INTO tool_calls (id, agent_run_id, tool_name, call_order, status, latency_ms, summary, args, result, created_at) VALUES ('a3bfc154-ee2d-49af-8fde-0807b0bf7ab7', '5ce21334-76a5-4e2a-843f-4e66f95015bb', 'compare_catalog', 2, 'completed', NULL, NULL, '{}'::jsonb, NULL, '2026-03-26T12:16:32.383Z');
INSERT INTO tool_calls (id, agent_run_id, tool_name, call_order, status, latency_ms, summary, args, result, created_at) VALUES ('91e0b684-59f4-4d8d-a65f-ddbebfd1c785', '5026016c-815b-4d01-8066-e285f49720c4', 'find_stores', 1, 'completed', NULL, NULL, '{}'::jsonb, NULL, '2026-03-26T12:18:09.102Z');
INSERT INTO tool_calls (id, agent_run_id, tool_name, call_order, status, latency_ms, summary, args, result, created_at) VALUES ('bfbc6259-36f2-473b-9d8b-6f570fe8e2e7', '5026016c-815b-4d01-8066-e285f49720c4', 'find_stores', 2, 'completed', NULL, NULL, '{}'::jsonb, NULL, '2026-03-26T12:18:09.102Z');

-- crm_outbox: 3 rows
INSERT INTO crm_outbox (id, lead_id, request_id, external_lead_id, payload_version, status, attempts, sync_enabled, next_attempt_at, last_attempt_at, last_error, last_http_status, synced_at, customer_summary, payload, created_at, updated_at) VALUES ('fd5a4d45-d384-44ec-9ef7-d4c3e69d30d4', '4824c898-024f-4bc5-a3d2-2d3a9ca03790', '925df694-9441-441e-a3d4-7c0536125c82', '4824c898-024f-4bc5-a3d2-2d3a9ca03790', 'crm-lead-v1', 'queued', 0, FALSE, '2026-03-26T16:41:31.059Z', NULL, NULL, NULL, NULL, '{"name":"张三","phoneMasked":"138****8000","city":"广州"}'::jsonb, '{"payloadVersion":"crm-lead-v1","requestId":"925df694-9441-441e-a3d4-7c0536125c82","externalLeadId":"4824c898-024f-4bc5-a3d2-2d3a9ca03790","source":"xpeng-car-ai-web","status":"captured","stage":"captured","priority":"nurture","score":58,"nextBestActions":["Confirm a preferred arrival or callback time","Nurture with comparison content and configurator follow-up"],"customer":{"name":"张三","phone":"13800138000","city":"广州","preferredTime":null},"consent":{"privacyConsent":true,"contactConsent":true},"intent":{"brand":"小鹏","carModel":"小鹏 G6","purchaseStage":null,"buyTimeline":null,"remark":null},"routing":{"method":"city","storeId":"xp-gz-hq-tech","storeName":"小鹏汽车广州总部体验中心","storeCity":"广州","distanceKm":null,"drivingDurationMin":null},"owner":{"advisorId":"gz-xp-01","advisorName":"陈顾问","advisorTeam":"Guangzhou Growth","advisorPhone":"400-783-6688"},"versions":{"agentRelease":"2026.03.26-agent-pm-track-1","promptVersion":"prompt-v2","policyVersion":"policy-v1","evalDatasetVersion":"eval-v1","dataAdapterVersion":"adapter-v1"},"syncReady":true}'::jsonb, '2026-03-26T16:41:31.059Z', '2026-03-26T16:41:31.059Z');
INSERT INTO crm_outbox (id, lead_id, request_id, external_lead_id, payload_version, status, attempts, sync_enabled, next_attempt_at, last_attempt_at, last_error, last_http_status, synced_at, customer_summary, payload, created_at, updated_at) VALUES ('eb0b92a3-7bea-4057-95a2-18687bb74ef4', '357d5a47-2924-4485-869b-00960d3ece02', '87c50607-00d2-409f-b196-c36779837739', '357d5a47-2924-4485-869b-00960d3ece02', 'crm-lead-v1', 'queued', 0, FALSE, '2026-03-26T16:29:38.562Z', NULL, NULL, NULL, NULL, '{"name":"CRM Demo","phoneMasked":"138****8009","city":"广州"}'::jsonb, '{"payloadVersion":"crm-lead-v1","requestId":"87c50607-00d2-409f-b196-c36779837739","externalLeadId":"357d5a47-2924-4485-869b-00960d3ece02","source":"xpeng-car-ai-web","status":"captured","stage":"captured","priority":"nurture","score":58,"nextBestActions":["Confirm a preferred arrival or callback time","Nurture with comparison content and configurator follow-up"],"customer":{"name":"CRM Demo","phone":"13800138009","city":"广州","preferredTime":null},"consent":{"privacyConsent":true,"contactConsent":true},"intent":{"brand":"小鹏","carModel":"小鹏 G6","purchaseStage":null,"buyTimeline":null,"remark":null},"routing":{"method":"city","storeId":"xp-gz-hq-tech","storeName":"小鹏汽车广州总部体验中心","storeCity":"广州","distanceKm":null,"drivingDurationMin":null},"owner":{"advisorId":"gz-xp-01","advisorName":"陈顾问","advisorTeam":"Guangzhou Growth","advisorPhone":"400-783-6688"},"versions":{"agentRelease":"2026.03.26-agent-pm-track-1","promptVersion":"prompt-v2","policyVersion":"policy-v1","evalDatasetVersion":"eval-v1","dataAdapterVersion":"adapter-v1"},"syncReady":true}'::jsonb, '2026-03-26T16:29:38.562Z', '2026-03-26T16:29:38.562Z');
INSERT INTO crm_outbox (id, lead_id, request_id, external_lead_id, payload_version, status, attempts, sync_enabled, next_attempt_at, last_attempt_at, last_error, last_http_status, synced_at, customer_summary, payload, created_at, updated_at) VALUES ('b48abdc2-0fdf-4498-9c53-9ba4e466a903', 'da87460d-48a6-4fa8-8509-d8090a98fe80', '29b5e600-cd07-42c5-9225-a6bc39a512cf', 'da87460d-48a6-4fa8-8509-d8090a98fe80', 'crm-lead-v1', 'queued', 0, FALSE, '2026-03-26T16:27:51.371Z', NULL, NULL, NULL, NULL, '{"name":"张三","phoneMasked":"138****8000","city":"广州"}'::jsonb, '{"payloadVersion":"crm-lead-v1","requestId":"29b5e600-cd07-42c5-9225-a6bc39a512cf","externalLeadId":"da87460d-48a6-4fa8-8509-d8090a98fe80","source":"xpeng-car-ai-web","status":"captured","stage":"captured","priority":"nurture","score":58,"nextBestActions":["Confirm a preferred arrival or callback time","Nurture with comparison content and configurator follow-up"],"customer":{"name":"张三","phone":"13800138000","city":"广州","preferredTime":null},"consent":{"privacyConsent":true,"contactConsent":true},"intent":{"brand":"小鹏","carModel":"小鹏 G6","purchaseStage":null,"buyTimeline":null,"remark":null},"routing":{"method":"city","storeId":"xp-gz-hq-tech","storeName":"小鹏汽车广州总部体验中心","storeCity":"广州","distanceKm":null,"drivingDurationMin":null},"owner":{"advisorId":"gz-xp-01","advisorName":"陈顾问","advisorTeam":"Guangzhou Growth","advisorPhone":"400-783-6688"},"versions":{"agentRelease":"2026.03.26-agent-pm-track-1","promptVersion":"prompt-v2","policyVersion":"policy-v1","evalDatasetVersion":"eval-v1","dataAdapterVersion":"adapter-v1"},"syncReady":true}'::jsonb, '2026-03-26T16:27:51.371Z', '2026-03-26T16:27:51.371Z');

COMMIT;
